Date,KO,PEP
2020-01-02,45.7451057434082,113.11402893066406
2020-01-03,45.49554443359375,112.9557876586914
2020-01-06,45.47890853881836,113.38885498046875
2020-01-07,45.1295166015625,111.60660552978516
2020-01-08,45.21269607543945,112.18125915527344
2020-01-09,46.036258697509766,112.2562026977539
2020-01-10,46.19432067871094,112.03968048095703
2020-01-13,46.69344711303711,113.70533752441406
2020-01-14,46.58530807495117,113.97183990478516
2020-01-15,47.16761016845703,115.928955078125
2020-01-16,47.267433166503906,116.27046203613281
2020-01-17,47.367271423339844,117.64456939697266
2020-01-21,47.5586051940918,118.14427185058594
2020-01-22,47.92463302612305,119.41014099121094
2020-01-23,48.10764694213867,119.63501739501953
2020-01-24,47.98286056518555,119.02706146240234
2020-01-27,47.81648254394531,118.37747955322266
2020-01-28,47.42550277709961,118.62732696533203
2020-01-29,47.42550277709961,118.03602600097656
2020-01-30,48.964481353759766,119.78492736816406
2020-01-31,48.58181381225586,118.27751922607422
2020-02-03,48.73154830932617,118.68559265136719
2020-02-04,48.94784164428711,119.27691650390625
2020-02-05,48.95615768432617,120.17631530761719
2020-02-06,49.0726203918457,120.20133209228516
2020-02-07,49.23899841308594,121.06746673583984
2020-02-10,49.70486068725586,121.3089828491211
2020-02-11,49.57175064086914,121.65876007080078
2020-02-12,49.42201232910156,121.65876007080078
2020-02-13,49.58839797973633,121.98359680175781
2020-02-14,49.8712272644043,122.41666412353516
2020-02-18,49.521846771240234,121.2590103149414
2020-02-19,49.72150421142578,121.20074462890625
2020-02-20,49.67990493774414,120.892578125
2020-02-21,50.02097702026367,121.46724700927734
2020-02-24,48.78978729248047,118.79387664794922
2020-02-25,48.099334716796875,117.51133728027344
2020-02-26,47.916316986083984,118.24422454833984
2020-02-27,45.6951904296875,113.57209777832031
2020-02-28,44.497291564941406,109.9576416015625
2020-03-02,46.51875686645508,114.57980346679688
2020-03-03,46.63522720336914,112.91414642333984
2020-03-04,49.0143928527832,118.58566284179688
2020-03-05,47.20090103149414,115.78946685791016
2020-03-06,45.96971893310547,115.08516693115234
2020-03-09,43.141326904296875,109.13219451904297
2020-03-10,44.63869857788086,112.46923828125
2020-03-11,43.43247985839844,108.78843688964844
2020-03-12,39.231483459472656,96.7063980102539
2020-03-13,40.67486572265625,106.86000061035156
2020-03-16,37.98110580444336,94.81990814208984
2020-03-17,39.59233856201172,107.08638000488281
2020-03-18,37.63705062866211,101.38494873046875
2020-03-19,35.10273742675781,98.38330078125
2020-03-20,32.14044189453125,87.13973236083984
2020-03-23,31.519468307495117,88.18781280517578
2020-03-24,33.105499267578125,95.44874572753906
2020-03-25,34.918113708496094,94.32520294189453
2020-03-26,37.16710662841797,100.83158874511719
2020-03-27,35.92512893676758,100.99925994873047
2020-03-30,37.76292419433594,105.2082748413086
2020-03-31,37.133544921875,100.6974105834961
2020-04-01,35.34608840942383,99.03730773925781
2020-04-02,36.881778717041016,103.84996795654297
2020-04-03,36.78109359741211,104.4620361328125
2020-04-06,39.16434860229492,109.97064208984375
2020-04-07,39.030086517333984,109.4004898071289
2020-04-08,40.1294059753418,111.1863784790039
2020-04-09,41.11962127685547,112.0416030883789
2020-04-13,39.382537841796875,109.74424743652344
2020-04-14,41.052494049072266,116.04100036621094
2020-04-15,39.95316696166992,113.21542358398438
2020-04-16,39.52519607543945,113.72686767578125
2020-04-17,40.330806732177734,115.32829284667969
2020-04-20,39.0468635559082,112.81298065185547
2020-04-21,38.08181381225586,109.78617095947266
2020-04-22,38.333560943603516,111.19476318359375
2020-04-23,37.8216667175293,109.21602630615234
2020-04-24,38.1237678527832,112.65365600585938
2020-04-27,39.256656646728516,112.7375259399414
2020-04-28,39.223087310791016,114.29705047607422
2020-04-29,39.54197692871094,111.8152084350586
2020-04-30,38.50978469848633,110.91808319091797
2020-05-01,38.266414642333984,109.11542510986328
2020-05-04,37.88040542602539,109.76941680908203
2020-05-05,38.09859085083008,110.39823913574219
2020-05-06,37.553131103515625,109.65202331542969
2020-05-07,37.4272575378418,110.29764556884766
2020-05-08,38.69440841674805,112.54466247558594
2020-05-11,38.21607971191406,112.6704330444336
2020-05-12,37.61187744140625,111.46306610107422
2020-05-13,36.87339401245117,111.47984313964844
2020-05-14,36.671993255615234,111.58043670654297
2020-05-15,36.30276107788086,113.98678588867188
2020-05-18,37.73774337768555,113.62626647949219
2020-05-19,37.37689208984375,110.44853973388672
2020-05-20,38.50978469848633,110.05448150634766
2020-05-21,37.90559005737305,109.17410278320312
2020-05-22,37.78809356689453,109.4004898071289
2020-05-26,38.6776237487793,108.78843688964844
2020-05-27,39.214698791503906,109.67716979980469
2020-05-28,39.51679611206055,110.91808319091797
2020-05-29,39.17274856567383,110.29764556884766
2020-06-01,39.43288803100586,111.50498962402344
2020-06-02,39.35734939575195,111.20315551757812
2020-06-03,40.19652557373047,111.36246490478516
2020-06-04,40.21331787109375,110.3257064819336
2020-06-05,41.195152282714844,111.90576171875
2020-06-08,41.83292770385742,111.71143341064453
2020-06-09,41.11962127685547,112.35357666015625
2020-06-10,40.80073547363281,113.3337631225586
2020-06-11,38.21607971191406,108.01896667480469
2020-06-12,38.61407470703125,108.9991226196289
2020-06-15,39.20684051513672,110.24964904785156
2020-06-16,39.604827880859375,111.25513458251953
2020-06-17,39.44394302368164,111.3311767578125
2020-06-18,39.7911262512207,112.19305419921875
2020-06-19,38.9697380065918,110.92562103271484
2020-06-22,38.732627868652344,110.73125457763672
2020-06-23,38.647953033447266,110.99320983886719
2020-06-24,37.80961608886719,109.4722900390625
2020-06-25,38.046722412109375,111.03547668457031
2020-06-26,36.89507293701172,108.93998718261719
2020-06-29,37.564048767089844,110.75665283203125
2020-06-30,37.83501434326172,111.75365447998047
2020-07-01,37.953575134277344,111.83818054199219
2020-07-02,38.00437545776367,112.252197265625
2020-07-06,38.300758361816406,112.63245391845703
2020-07-07,38.2838249206543,112.86055755615234
2020-07-08,38.16526794433594,113.40978240966797
2020-07-09,37.1829833984375,112.13391876220703
2020-07-10,38.2330207824707,113.61257934570312
2020-07-13,38.31769943237305,113.99280548095703
2020-07-14,38.842716217041016,114.50823974609375
2020-07-15,39.29151153564453,112.96195983886719
2020-07-16,39.07981872558594,113.12250518798828
2020-07-17,39.64716339111328,113.78155517578125
2020-07-20,39.05441665649414,112.47189331054688
2020-07-21,39.96895217895508,113.58721160888672
2020-07-22,41.052860260009766,114.9222412109375
2020-07-23,40.88349151611328,115.82634735107422
2020-07-24,41.06133270263672,114.9645004272461
2020-07-27,41.052860260009766,116.32489776611328
2020-07-28,40.79882049560547,116.07984161376953
2020-07-29,40.663333892822266,116.54454040527344
2020-07-30,40.38388442993164,116.34178161621094
2020-07-31,40.002830505371094,116.31639862060547
2020-08-03,39.20684051513672,115.5052719116211
2020-08-04,39.53708267211914,116.15586853027344
2020-08-05,39.985897064208984,115.1250228881836
2020-08-06,40.2060546875,114.79550170898438
2020-08-07,40.47703170776367,115.53907012939453
2020-08-10,40.4093017578125,114.89689636230469
2020-08-11,40.587127685546875,114.17023468017578
2020-08-12,41.01052474975586,116.43473052978516
2020-08-13,40.968177795410156,116.6882095336914
2020-08-14,41.0274543762207,116.23192596435547
2020-08-17,40.82421875,116.5361099243164
2020-08-18,41.00204086303711,116.69668579101562
2020-08-19,40.1129150390625,115.29405975341797
2020-08-20,40.09597396850586,115.52214813232422
2020-08-21,40.03669357299805,115.3024673461914
2020-08-24,40.62099075317383,116.29954528808594
2020-08-25,40.57018280029297,116.01226806640625
2020-08-26,40.78188705444336,117.0008316040039
2020-08-27,40.84115982055664,116.94168853759766
2020-08-28,42.196044921875,118.24293518066406
2020-08-31,41.94199752807617,118.34429931640625
2020-09-01,41.59480667114258,117.60920715332031
2020-09-02,43.347694396972656,121.073486328125
2020-09-03,42.746463775634766,118.60809326171875
2020-09-04,43.220664978027344,118.08892059326172
2020-09-08,42.179107666015625,115.35716247558594
2020-09-09,42.50088119506836,116.68476104736328
2020-09-10,42.34000778198242,114.684814453125
2020-09-11,43.23760986328125,115.57841491699219
2020-09-14,43.288814544677734,116.31031036376953
2020-09-15,43.57906723022461,115.41671752929688
2020-09-16,43.35711669921875,114.8720703125
2020-09-17,43.15223693847656,113.35721588134766
2020-09-18,43.06687927246094,111.88494873046875
2020-09-21,41.90589904785156,111.68922424316406
2020-09-22,42.392478942871094,112.4636459350586
2020-09-23,41.154685974121094,111.4849853515625
2020-09-24,41.57297897338867,111.97856903076172
2020-09-25,41.590049743652344,113.65508270263672
2020-09-28,42.068092346191406,117.4166488647461
2020-09-29,41.760780334472656,116.72734069824219
2020-09-30,42.144927978515625,117.95279693603516
2020-10-01,41.98272705078125,119.8250503540039
2020-10-02,42.136390686035156,117.49324035644531
2020-10-05,42.15346145629883,117.38258361816406
2020-10-06,41.77785110473633,115.48480987548828
2020-10-07,42.3071174621582,116.59966278076172
2020-10-08,43.07540512084961,117.31452178955078
2020-10-09,43.37419128417969,117.81663513183594
2020-10-12,43.61320114135742,120.95691680908203
2020-10-13,42.87052917480469,122.1568603515625
2020-10-14,42.7851676940918,121.28884887695312
2020-10-15,42.6741828918457,120.3612060546875
2020-10-16,42.708343505859375,120.61650848388672
2020-10-19,42.358333587646484,118.8719253540039
2020-10-20,42.896141052246094,118.89745330810547
2020-10-21,42.6741828918457,118.80382537841797
2020-10-22,43.263214111328125,118.81233215332031
2020-10-23,43.126625061035156,118.76979064941406
2020-10-26,42.51199722290039,117.49324035644531
2020-10-27,42.59736251831055,118.39532470703125
2020-10-28,40.94126510620117,114.1827392578125
2020-10-29,40.99250030517578,114.02954864501953
2020-10-30,41.026634216308594,113.43382263183594
2020-11-02,41.504676818847656,115.0167236328125
2020-11-03,42.12784957885742,116.62515258789062
2020-11-04,41.97418975830078,117.3230209350586
2020-11-05,42.204681396484375,117.4847183227539
2020-11-06,42.213218688964844,117.76557159423828
2020-11-09,44.87661361694336,117.82512664794922
2020-11-10,46.08027267456055,120.60800170898438
2020-11-11,45.738807678222656,122.4632568359375
2020-11-12,45.25223159790039,122.41219329833984
2020-11-13,45.627838134765625,123.15260314941406
2020-11-16,45.969295501708984,124.04615020751953
2020-11-17,45.82417678833008,123.60362243652344
2020-11-18,44.910770416259766,122.020751953125
2020-11-19,45.35466766357422,121.96968841552734
2020-11-20,44.96198272705078,122.05475616455078
2020-11-23,44.970516204833984,121.7143325805664
2020-11-24,45.431495666503906,122.57389831542969
2020-11-25,45.183921813964844,122.68452453613281
2020-11-27,44.98759460449219,123.05900573730469
2020-11-30,44.39393997192383,122.74410247802734
2020-12-01,44.77249526977539,124.30998992919922
2020-12-02,44.832740783691406,123.07598876953125
2020-12-03,45.40916061401367,123.80712890625
2020-12-04,46.32973861694336,125.00703430175781
2020-12-07,45.58983612060547,124.59561920166016
2020-12-08,45.75330352783203,124.72415161132812
2020-12-09,45.88235855102539,124.86988067626953
2020-12-10,45.641456604003906,123.99567413330078
2020-12-11,45.899559020996094,124.25279235839844
2020-12-14,45.83073806762695,123.6185302734375
2020-12-15,46.321136474609375,124.08137512207031
2020-12-16,45.650062561035156,124.1842041015625
2020-12-17,45.83073806762695,124.88700866699219
2020-12-18,46.235103607177734,125.9326400756836
2020-12-21,45.434974670410156,124.62132263183594
2020-12-22,45.3919563293457,123.43852996826172
2020-12-23,45.66726303100586,123.7728042602539
2020-12-24,45.97698974609375,124.32992553710938
2020-12-28,46.59645080566406,125.91554260253906
2020-12-29,46.57062911987305,126.35266876220703
2020-12-30,46.83732604980469,126.2584228515625
2020-12-31,47.18148422241211,127.1069107055664
2021-01-04,45.3919563293457,123.65283203125
2021-01-05,44.89296340942383,124.02134704589844
2021-01-06,43.46477508544922,122.50432586669922
2021-01-07,42.982975006103516,122.11003875732422
2021-01-08,43.946571350097656,123.57569122314453
2021-01-11,43.18947219848633,121.78437042236328
2021-01-12,43.112037658691406,121.21865844726562
2021-01-13,43.155052185058594,122.2129135131836
2021-01-14,42.35493087768555,121.50151062011719
2021-01-15,41.898948669433594,121.18439483642578
2021-01-19,41.7354736328125,121.75865173339844
2021-01-20,41.881744384765625,121.13296508789062
2021-01-21,42.11402893066406,119.65875244140625
2021-01-22,41.7182731628418,118.7845230102539
2021-01-25,41.9677734375,120.1473159790039
2021-01-26,42.406551361083984,121.53579711914062
2021-01-27,41.752689361572266,118.31314849853516
2021-01-28,42.286102294921875,119.29875946044922
2021-01-29,41.42576217651367,117.05319213867188
2021-02-01,41.70966720581055,117.40460968017578
2021-02-02,42.12263107299805,118.60455322265625
2021-02-03,41.959171295166016,118.2959976196289
2021-02-04,42.16565704345703,119.7187728881836
2021-02-05,42.716278076171875,120.81584930419922
2021-02-08,42.948570251464844,120.33585357666016
2021-02-09,42.75930404663086,119.65018463134766
2021-02-10,42.67325973510742,118.02169036865234
2021-02-11,43.2755012512207,115.68185424804688
2021-02-12,43.61103820800781,114.73904418945312
2021-02-16,43.249691009521484,115.17616271972656
2021-02-17,43.12924575805664,115.24474334716797
2021-02-18,43.67986297607422,116.02469635009766
2021-02-19,43.112037658691406,113.57341003417969
2021-02-22,43.559417724609375,113.12770080566406
2021-02-23,43.48198699951172,113.80481719970703
2021-02-24,43.62824249267578,113.2134017944336
2021-02-25,43.16365051269531,111.42208862304688
2021-02-26,42.14845275878906,110.72786712646484
2021-03-01,42.931365966796875,111.9534912109375
2021-03-02,43.10343551635742,112.33920288085938
2021-03-03,43.000186920166016,110.68500518798828
2021-03-04,42.965782165527344,111.30097961425781
2021-03-05,43.69707489013672,114.92951202392578
2021-03-08,44.42837142944336,114.1519775390625
2021-03-09,43.75729751586914,114.25565338134766
2021-03-10,44.25628662109375,115.40469360351562
2021-03-11,43.77450180053711,115.09367370605469
2021-03-12,43.68775177001953,114.93814086914062
2021-03-15,44.26898956298828,114.92951202392578
2021-03-16,44.43381118774414,115.77616882324219
2021-03-17,44.451168060302734,115.43923950195312
2021-03-18,43.86993408203125,114.49755096435547
2021-03-19,44.0781364440918,116.19950866699219
2021-03-22,44.24294662475586,119.05052947998047
2021-03-23,44.5812873840332,120.48463439941406
2021-03-24,44.694061279296875,119.92308044433594
2021-03-25,45.1278190612793,120.63150787353516
2021-03-26,46.0126838684082,123.28379821777344
2021-03-29,46.715362548828125,125.10671997070312
2021-03-30,46.10810470581055,123.14556884765625
2021-03-31,45.72639846801758,122.20384979248047
2021-04-01,45.55290222167969,122.05699920654297
2021-04-05,45.813148498535156,123.68119049072266
2021-04-06,46.142799377441406,124.12178802490234
2021-04-07,46.22087478637695,123.89717864990234
2021-04-08,46.08207702636719,123.14556884765625
2021-04-09,46.13412857055664,123.17149353027344
2021-04-12,46.28160095214844,123.56025695800781
2021-04-13,46.05604934692383,123.58617401123047
2021-04-14,46.0473747253418,122.77407836914062
2021-04-15,46.264251708984375,122.94685363769531
2021-04-16,46.5678825378418,124.5451431274414
2021-04-19,46.845489501953125,125.05486297607422
2021-04-20,46.99296188354492,125.88421630859375
2021-04-21,47.37466049194336,126.98143005371094
2021-04-22,47.2271728515625,126.1952896118164
2021-04-23,47.25320816040039,125.98790740966797
2021-04-26,46.55052947998047,123.85401153564453
2021-04-27,46.48112869262695,123.44794464111328
2021-04-28,46.48980712890625,122.53217315673828
2021-04-29,47.07103729248047,124.35509490966797
2021-04-30,46.8281364440918,124.5451431274414
2021-05-03,47.26188659667969,125.953369140625
2021-05-04,46.96692657470703,124.37237548828125
2021-05-05,46.845489501953125,124.31190490722656
2021-05-06,47.31393814086914,125.75465393066406
2021-05-07,47.28791427612305,125.75465393066406
2021-05-10,47.63492202758789,126.75678253173828
2021-05-11,47.123085021972656,125.83238220214844
2021-05-12,46.880184173583984,124.6056137084961
2021-05-13,47.28791427612305,126.45442962646484
2021-05-14,47.47877502441406,126.64451599121094
2021-05-17,47.40068817138672,126.28166961669922
2021-05-18,47.140438079833984,125.71144104003906
2021-05-19,46.99296188354492,125.64236450195312
2021-05-20,47.409366607666016,127.19742584228516
2021-05-21,47.38334274291992,127.08511352539062
2021-05-24,47.53949737548828,127.73306274414062
2021-05-25,47.53081130981445,128.12184143066406
2021-05-26,47.739017486572266,128.12184143066406
2021-05-27,48.1380729675293,126.57540893554688
2021-05-28,47.964576721191406,127.81083679199219
2021-06-01,47.95588302612305,127.54303741455078
2021-06-02,48.146751403808594,128.05271911621094
2021-06-03,48.26820373535156,128.5095977783203
2021-06-04,48.7887077331543,128.65756225585938
2021-06-07,48.615211486816406,128.5792236328125
2021-06-08,48.27687454223633,127.37828826904297
2021-06-09,48.129390716552734,127.14334869384766
2021-06-10,48.50242614746094,128.4486541748047
2021-06-11,48.719295501708984,128.52699279785156
2021-06-14,48.5532341003418,129.29283142089844
2021-06-15,48.430870056152344,129.30154418945312
2021-06-16,47.78407669067383,128.01358032226562
2021-06-17,48.028804779052734,129.2493133544922
2021-06-18,46.9974365234375,126.55154418945312
2021-06-21,47.51312255859375,127.54360961914062
2021-06-22,47.68793487548828,127.7350845336914
2021-06-23,47.30335235595703,126.05550384521484
2021-06-24,47.53934097290039,126.76911926269531
2021-06-25,47.47816467285156,127.41311645507812
2021-06-28,47.42571258544922,127.96136474609375
2021-06-29,47.076107025146484,127.87433624267578
2021-06-30,47.29460906982422,128.9447479248047
2021-07-01,47.16349792480469,128.9708251953125
2021-07-02,47.35579299926758,129.5886993408203
2021-07-06,47.093589782714844,129.78018188476562
2021-07-07,47.47816467285156,130.35450744628906
2021-07-08,47.31208801269531,130.4154510498047
2021-07-09,47.60052490234375,130.08473205566406
2021-07-12,47.61800765991211,130.11082458496094
2021-07-13,48.089996337890625,133.11322021484375
2021-07-14,49.17381286621094,134.4882049560547
2021-07-15,49.331138610839844,135.10609436035156
2021-07-16,49.29616928100586,135.60215759277344
2021-07-19,48.71056365966797,135.58473205566406
2021-07-20,48.7979736328125,135.60215759277344
2021-07-21,49.42727279663086,135.09739685058594
2021-07-22,49.35736083984375,135.0538787841797
2021-07-23,49.8293342590332,136.78564453125
2021-07-26,49.873050689697266,136.68994140625
2021-07-27,50.047855377197266,137.44705200195312
2021-07-28,49.593353271484375,136.18519592285156
2021-07-29,49.86430358886719,136.46365356445312
2021-07-30,49.84681701660156,136.58551025390625
2021-08-02,49.71571731567383,136.03726196289062
2021-08-03,49.75067901611328,136.3418426513672
2021-08-04,49.03396224975586,134.0618133544922
2021-08-05,49.383583068847656,134.28805541992188
2021-08-06,49.505943298339844,134.3054656982422
2021-08-09,49.51469421386719,134.3228759765625
2021-08-10,49.64579391479492,134.3925018310547
2021-08-11,49.58460235595703,134.92333984375
2021-08-12,49.680763244628906,134.9494171142578
2021-08-13,50.021629333496094,136.21128845214844
2021-08-16,50.24013900756836,137.5428009033203
2021-08-17,50.06533432006836,137.41224670410156
2021-08-18,49.383583068847656,136.00245666503906
2021-08-19,49.698238372802734,138.29119873046875
2021-08-20,49.505943298339844,137.80384826660156
2021-08-23,49.331138610839844,137.36875915527344
2021-08-24,48.95528793334961,135.66305541992188
2021-08-25,49.007747650146484,135.0625762939453
2021-08-26,48.54449462890625,134.56654357910156
2021-08-27,48.64064407348633,134.83631896972656
2021-08-30,49.10388946533203,135.7587890625
2021-08-31,49.2175178527832,136.09815979003906
2021-09-01,49.54964828491211,137.42098999023438
2021-09-02,49.61957550048828,137.521728515625
2021-09-03,49.58460235595703,137.64442443847656
2021-09-07,48.65812683105469,135.40127563476562
2021-09-08,49.31365203857422,137.32022094726562
2021-09-09,48.82419204711914,136.45272827148438
2021-09-10,48.605682373046875,136.21615600585938
2021-09-13,49.007747650146484,136.47903442382812
2021-09-14,49.042964935302734,135.94451904296875
2021-09-15,49.210289001464844,136.7068328857422
2021-09-16,48.74354934692383,136.3037872314453
2021-09-17,47.942169189453125,135.05081176757812
2021-09-20,47.60752868652344,134.59515380859375
2021-09-21,47.59872055053711,134.5338134765625
2021-09-22,47.669166564941406,134.94564819335938
2021-09-23,47.58991241455078,135.05081176757812
2021-09-24,47.45780944824219,135.1121063232422
2021-09-27,47.21122741699219,133.81536865234375
2021-09-28,46.35700988769531,132.35211181640625
2021-09-29,46.638816833496094,133.4473419189453
2021-09-30,46.20729446411133,131.79127502441406
2021-10-01,46.691650390625,132.26443481445312
2021-10-04,46.66523361206055,131.6072998046875
2021-10-05,46.7444953918457,132.3870849609375
2021-10-06,47.299293518066406,135.778076171875
2021-10-07,47.44900894165039,137.03103637695312
2021-10-08,47.660362243652344,136.71559143066406
2021-10-11,47.75722885131836,136.8996124267578
2021-10-12,47.75722885131836,137.50418090820312
2021-10-13,47.76604080200195,138.4329833984375
2021-10-14,48.091880798339844,139.54576110839844
2021-10-15,47.977386474609375,139.1514892578125
2021-10-18,47.5018424987793,138.52059936523438
2021-10-19,47.68677520751953,140.28179931640625
2021-10-20,48.1094856262207,141.3419952392578
2021-10-21,47.86289978027344,139.47567749023438
2021-10-22,47.95096969604492,140.16786193847656
2021-10-25,47.75722885131836,139.51072692871094
2021-10-26,47.96858596801758,141.2193145751953
2021-10-27,48.89325714111328,140.72866821289062
2021-10-28,49.351192474365234,141.6136474609375
2021-10-29,49.64179611206055,141.5961151123047
2021-11-01,49.46567153930664,141.2981719970703
2021-11-02,49.40402603149414,142.59498596191406
2021-11-03,49.571353912353516,143.96188354492188
2021-11-04,49.84435272216797,143.9706573486328
2021-11-05,50.05570983886719,145.4514617919922
2021-11-08,49.60658264160156,142.32337951660156
2021-11-09,49.74747848510742,143.26968383789062
2021-11-10,49.95002746582031,143.73406982421875
2021-11-11,49.96764373779297,142.55117797851562
2021-11-12,49.85315704345703,142.51614379882812
2021-11-15,49.86195755004883,143.52378845214844
2021-11-16,49.50970458984375,143.0944366455078
2021-11-17,49.2367057800293,143.14700317382812
2021-11-18,48.796390533447266,143.19082641601562
2021-11-19,48.549800872802734,143.5325164794922
2021-11-22,48.84922409057617,143.83045959472656
2021-11-23,49.210289001464844,144.79432678222656
2021-11-24,48.81399917602539,143.4712371826172
2021-11-26,47.31690979003906,141.1930389404297
2021-11-29,48.06544876098633,143.82167053222656
2021-11-30,46.547889709472656,140.00140380859375
2021-12-01,46.414756774902344,140.3343505859375
2021-12-02,47.098106384277344,141.6884307861328
2021-12-03,47.515220642089844,145.29638671875
2021-12-06,48.73106002807617,146.8048095703125
2021-12-07,48.9973030090332,146.63722229003906
2021-12-08,48.810935974121094,146.8930206298828
2021-12-09,48.68668746948242,146.70779418945312
2021-12-10,49.946895599365234,149.05426025390625
2021-12-13,51.26035690307617,149.79522705078125
2021-12-14,51.29584884643555,149.42478942871094
2021-12-15,51.526607513427734,151.34780883789062
2021-12-16,52.050201416015625,151.568359375
2021-12-17,51.23371887207031,148.46322631835938
2021-12-20,51.06510543823242,149.45118713378906
2021-12-21,51.26922607421875,149.01016235351562
2021-12-22,51.63309097290039,149.9364013671875
2021-12-23,51.66858673095703,149.76876831054688
2021-12-27,52.050201416015625,151.2595977783203
2021-12-28,52.254329681396484,152.044677734375
2021-12-29,52.31644058227539,152.58277893066406
2021-12-30,52.16556930541992,152.31814575195312
2021-12-31,52.547176361083984,153.2355499267578
2022-01-03,52.6270637512207,152.59161376953125
2022-01-04,53.50566101074219,152.81219482421875
2022-01-05,53.94939422607422,153.3325958251953
2022-01-06,53.6653938293457,153.36788940429688
2022-01-07,53.54115295410156,153.56195068359375
2022-01-10,53.62990188598633,153.64137268066406
2022-01-11,53.647647857666016,153.5707550048828
2022-01-12,53.7275276184082,153.40318298339844
2022-01-13,54.0470085144043,153.65017700195312
2022-01-14,54.481876373291016,154.93809509277344
2022-01-18,54.0470085144043,153.45611572265625
2022-01-19,54.13576126098633,154.55877685546875
2022-01-20,53.91389083862305,153.4384765625
2022-01-21,53.647647857666016,153.6854705810547
2022-01-24,53.212791442871094,152.90036010742188
2022-01-25,53.088539123535156,151.14492797851562
2022-01-26,52.8932991027832,149.5482635498047
2022-01-27,52.93768310546875,149.40711975097656
2022-01-28,53.993770599365234,152.31814575195312
2022-01-31,54.144630432128906,153.0679931640625
2022-02-01,53.74527359008789,152.02703857421875
2022-02-02,54.29550552368164,154.78814697265625
2022-02-03,54.6771125793457,154.69989013671875
2022-02-04,54.100257873535156,152.1593780517578
2022-02-07,54.66823959350586,151.55950927734375
2022-02-08,55.023231506347656,151.7447509765625
2022-02-09,54.17125701904297,151.67420959472656
2022-02-10,54.472999572753906,148.5249786376953
2022-02-11,53.50566101074219,148.710205078125
2022-02-14,53.851768493652344,147.0518035888672
2022-02-15,54.055885314941406,146.39903259277344
2022-02-16,54.0470085144043,146.698974609375
2022-02-17,55.129730224609375,147.09593200683594
2022-02-18,55.50246047973633,147.94277954101562
2022-02-22,55.2717170715332,148.50735473632812
2022-02-23,54.659366607666016,147.04299926757812
2022-02-24,53.700897216796875,144.4847869873047
2022-02-25,55.77758026123047,148.53378295898438
2022-02-28,55.236228942871094,144.4407196044922
2022-03-01,54.99659729003906,143.1439666748047
2022-03-02,55.40483856201172,145.1287841796875
2022-03-03,55.440338134765625,144.973388671875
2022-03-04,55.529090881347656,147.1754608154297
2022-03-07,54.206764221191406,144.24525451660156
2022-03-08,52.05907440185547,140.1785125732422
2022-03-09,52.32530975341797,139.76116943359375
2022-03-10,51.36684799194336,137.19505310058594
2022-03-11,51.40235137939453,136.5024871826172
2022-03-14,52.35027313232422,138.42042541503906
2022-03-15,53.31606674194336,141.181884765625
2022-03-16,53.17298126220703,141.80345153808594
2022-03-17,53.73637390136719,142.9044952392578
2022-03-18,53.74531936645508,144.54714965820312
2022-03-21,54.1745719909668,144.34292602539062
2022-03-22,54.371307373046875,145.92344665527344
2022-03-23,54.01361083984375,145.1598358154297
2022-03-24,54.53227233886719,146.03890991210938
2022-03-25,55.02412414550781,146.72264099121094
2022-03-28,55.37287902832031,147.1576690673828
2022-03-29,55.587501525878906,149.34201049804688
2022-03-30,55.632225036621094,149.1378173828125
2022-03-31,55.444419860839844,148.622802734375
2022-04-01,56.22243881225586,150.73606872558594
2022-04-04,55.92732620239258,150.3454132080078
2022-04-05,55.86472702026367,150.50521850585938
2022-04-06,56.4281120300293,153.0713348388672
2022-04-07,56.73216247558594,153.21343994140625
2022-04-08,57.080928802490234,153.7284393310547
2022-04-11,57.063045501708984,153.25782775878906
2022-04-12,57.733734130859375,153.87936401367188
2022-04-13,57.885765075683594,153.6129913330078
2022-04-14,58.14509963989258,152.63624572753906
2022-04-18,57.626434326171875,151.32211303710938
2022-04-19,58.189815521240234,153.52420043945312
2022-04-20,58.9857177734375,155.80618286132812
2022-04-21,59.20928192138672,155.24681091308594
2022-04-22,58.35078048706055,152.8582000732422
2022-04-25,58.96782684326172,154.27008056640625
2022-04-26,58.17193603515625,153.87936401367188
2022-04-27,58.62800598144531,155.25567626953125
2022-04-28,59.19139862060547,157.60870361328125
2022-04-29,57.77845764160156,152.467529296875
2022-05-02,56.73216247558594,148.96022033691406
2022-05-03,56.41023254394531,149.16441345214844
2022-05-04,58.15403747558594,154.37661743164062
2022-05-05,57.68903350830078,151.29547119140625
2022-05-06,57.89470672607422,151.313232421875
2022-05-09,57.77845764160156,152.45867919921875
2022-05-10,57.24189758300781,152.272216796875
2022-05-11,57.51017379760742,151.53524780273438
2022-05-12,57.68903350830078,151.30435180664062
2022-05-13,58.771087646484375,154.2523193359375
2022-05-16,58.9857177734375,155.80618286132812
2022-05-17,58.824745178222656,154.9093780517578
2022-05-18,54.72901153564453,145.31077575683594
2022-05-19,53.65589141845703,143.13531494140625
2022-05-20,54.53227233886719,144.0321807861328
2022-05-23,56.213497161865234,147.0422821044922
2022-05-24,57.25082778930664,149.0134735107422
2022-05-25,57.29553985595703,150.03463745117188
2022-05-26,57.50123596191406,151.04684448242188
2022-05-27,57.84105682373047,152.52085876464844
2022-05-31,56.67850875854492,148.95130920410156
2022-06-01,56.40129089355469,147.83255004882812
2022-06-02,56.99150848388672,149.0306396484375
2022-06-03,56.31186294555664,147.39439392089844
2022-06-06,56.22243881225586,148.01133728027344
2022-06-07,56.56224822998047,148.92330932617188
2022-06-08,56.24031066894531,148.1812286376953
2022-06-09,55.26556396484375,145.54360961914062
2022-06-10,54.91680145263672,145.3111572265625
2022-06-13,54.854209899902344,142.82554626464844
2022-06-14,53.34999084472656,139.5888214111328
2022-06-15,53.746307373046875,141.08197021484375
2022-06-16,53.205875396728516,140.40245056152344
2022-06-17,53.5301399230957,140.4292755126953
2022-06-21,54.674068450927734,143.6927947998047
2022-06-22,55.07939147949219,144.87303161621094
2022-06-23,55.73692321777344,146.72384643554688
2022-06-24,56.78176498413086,148.53887939453125
2022-06-27,56.664676666259766,148.735595703125
2022-06-28,56.09720993041992,146.6433563232422
2022-06-29,56.50253677368164,149.07533264160156
2022-06-30,56.664676666259766,149.01275634765625
2022-07-01,57.988731384277344,151.45367431640625
2022-07-05,56.99793243408203,151.11390686035156
2022-07-06,57.115028381347656,152.62498474121094
2022-07-07,56.664676666259766,152.3209686279297
2022-07-08,56.87183380126953,153.6800079345703
2022-07-11,56.691688537597656,152.41934204101562
2022-07-12,56.44850158691406,151.55203247070312
2022-07-13,56.187278747558594,152.0885009765625
2022-07-14,56.00713348388672,152.87535095214844
2022-07-15,56.295372009277344,153.00050354003906
2022-07-18,55.529754638671875,150.44332885742188
2022-07-19,56.3223876953125,152.052734375
2022-07-20,55.394649505615234,150.44332885742188
2022-07-21,55.2685432434082,150.66685485839844
2022-07-22,55.475711822509766,151.65037536621094
2022-07-25,56.016136169433594,151.86500549316406
2022-07-26,56.93488311767578,153.6353302001953
2022-07-27,56.75473403930664,153.42071533203125
2022-07-28,57.700496673583984,156.3265838623047
2022-07-29,57.79957962036133,156.4338836669922
2022-08-01,58.114830017089844,158.21315002441406
2022-08-02,57.32219696044922,156.9077606201172
2022-08-03,57.574398040771484,158.1058807373047
2022-08-04,57.349220275878906,157.24752807617188
2022-08-05,57.0880012512207,156.06727600097656
2022-08-08,56.718711853027344,155.44143676757812
2022-08-09,56.79076385498047,156.02259826660156
2022-08-10,57.331207275390625,157.31015014648438
2022-08-11,56.94389724731445,156.50540161132812
2022-08-12,57.376243591308594,158.5529327392578
2022-08-15,58.09682083129883,160.2964630126953
2022-08-16,58.57420349121094,161.22633361816406
2022-08-17,58.4390983581543,161.13690185546875
2022-08-18,58.7453498840332,161.29786682128906
2022-08-19,58.70030212402344,161.0922088623047
2022-08-22,57.826602935791016,159.55435180664062
2022-08-23,57.8896484375,159.48281860351562
2022-08-24,57.9707145690918,160.27857971191406
2022-08-25,58.249942779541016,160.28749084472656
2022-08-26,56.84481430053711,156.50540161132812
2022-08-29,56.50253677368164,156.01368713378906
2022-08-30,55.98011779785156,154.6724853515625
2022-08-31,55.583797454833984,154.02871704101562
2022-09-01,55.845008850097656,155.5859375
2022-09-02,55.07939147949219,153.61468505859375
2022-09-06,55.10641098022461,152.57952880859375
2022-09-07,56.124229431152344,155.9459991455078
2022-09-08,55.953094482421875,155.42391967773438
2022-09-09,56.13323974609375,155.91897583007812
2022-09-12,56.295372009277344,156.5310516357422
2022-09-13,54.46689987182617,150.68927001953125
2022-09-14,54.755123138427734,151.83242797851562
2022-09-15,54.01114273071289,149.3120880126953
2022-09-16,54.02022171020508,150.29322814941406
2022-09-19,54.428504943847656,151.87744140625
2022-09-20,54.34684753417969,152.0484619140625
2022-09-21,53.89320373535156,151.6164093017578
2022-09-22,53.76617431640625,151.76043701171875
2022-09-23,53.167362213134766,151.6884002685547
2022-09-26,52.505043029785156,151.6254119873047
2022-09-27,51.153175354003906,149.42913818359375
2022-09-28,51.697547912597656,151.8234405517578
2022-09-29,51.32555389404297,149.9691925048828
2022-09-30,50.82654571533203,146.9537811279297
2022-10-03,51.39814758300781,148.74501037597656
2022-10-04,51.51608657836914,150.4192657470703
2022-10-05,51.02616500854492,149.4200897216797
2022-10-06,49.92832565307617,146.5397186279297
2022-10-07,49.4565315246582,145.46856689453125
2022-10-10,49.34766387939453,145.65760803222656
2022-10-11,49.4293212890625,146.35067749023438
2022-10-12,50.028133392333984,152.4715118408203
2022-10-13,50.69045639038086,157.17015075683594
2022-10-14,49.88296890258789,153.1916046142578
2022-10-17,50.52714920043945,155.47792053222656
2022-10-18,51.20760726928711,157.5751953125
2022-10-19,50.772117614746094,156.04501342773438
2022-10-20,49.973697662353516,154.3347625732422
2022-10-21,50.772117614746094,155.77493286132812
2022-10-24,52.23285675048828,159.93350219726562
2022-10-25,53.484920501708984,160.464599609375
2022-10-26,53.884124755859375,161.18470764160156
2022-10-27,54.01114273071289,161.01365661621094
2022-10-28,55.127113342285156,164.02903747558594
2022-10-31,54.30147933959961,163.4439697265625
2022-11-01,54.1109504699707,162.7058868408203
2022-11-02,53.3578987121582,160.43759155273438
2022-11-03,53.33068084716797,160.0235137939453
2022-11-04,53.76617431640625,160.92364501953125
2022-11-07,53.974857330322266,162.21084594726562
2022-11-08,54.07465744018555,162.66087341308594
2022-11-09,53.32161331176758,160.71664428710938
2022-11-10,55.23599624633789,163.552001953125
2022-11-11,55.635196685791016,160.26657104492188
2022-11-14,55.09989929199219,159.07839965820312
2022-11-15,55.0091667175293,159.49246215820312
2022-11-16,54.90937042236328,160.51858520507812
2022-11-17,55.081748962402344,162.04881286621094
2022-11-18,55.47188949584961,163.218994140625
2022-11-21,56.324745178222656,166.36038208007812
2022-11-22,56.5697135925293,166.3783721923828
2022-11-23,56.82374954223633,166.59442138671875
2022-11-25,56.87818908691406,165.72129821777344
2022-11-28,56.887264251708984,165.52330017089844
2022-11-29,56.687660217285156,164.35311889648438
2022-11-30,58.12221145629883,166.98147583007812
2022-12-01,58.28668212890625,168.37631225585938
2022-12-02,58.79836654663086,168.1861114501953
2022-12-05,57.994293212890625,165.8583526611328
2022-12-06,57.966880798339844,164.50881958007812
2022-12-07,58.058258056640625,165.00694274902344
2022-12-08,58.30495071411133,166.45614624023438
2022-12-09,57.69275665283203,165.84024047851562
2022-12-12,58.45115661621094,166.6282196044922
2022-12-13,58.46942901611328,166.5376739501953
2022-12-14,58.46942901611328,166.0757293701172
2022-12-15,57.665348052978516,163.2589111328125
2022-12-16,57.33641052246094,163.34039306640625
2022-12-19,57.418643951416016,164.2461395263672
2022-12-20,57.37295150756836,164.1465301513672
2022-12-21,58.29582214355469,165.2967987060547
2022-12-22,57.87550735473633,164.01968383789062
2022-12-23,58.31409454345703,165.0794219970703
2022-12-27,58.67045211791992,165.81307983398438
2022-12-28,58.08565902709961,164.61749267578125
2022-12-29,58.43288040161133,164.82582092285156
2022-12-30,58.12221145629883,163.63023376464844
2023-01-03,57.5191535949707,162.4980926513672
2023-01-04,57.491737365722656,162.09954833984375
2023-01-05,56.83384704589844,160.40582275390625
2023-01-06,57.93033218383789,164.02880859375
2023-01-09,57.20848083496094,162.42559814453125
2023-01-10,56.769893646240234,161.0851287841797
2023-01-11,56.660247802734375,161.26626586914062
2023-01-12,55.92926788330078,159.21023559570312
2023-01-13,56.13028335571289,158.72116088867188
2023-01-17,56.35871887207031,159.46385192871094
2023-01-18,54.650047302246094,155.4423828125
2023-01-19,54.567813873291016,153.63998413085938
2023-01-20,54.896751403808594,153.8664093017578
2023-01-23,55.0338134765625,153.1780242919922
2023-01-24,55.32620620727539,154.6000518798828
2023-01-25,55.67341995239258,155.72315979003906
2023-01-26,55.56378173828125,154.17434692382812
2023-01-27,55.27138137817383,153.63092041015625
2023-01-30,55.408451080322266,153.5041046142578
2023-01-31,56.02976989746094,154.8989715576172
2023-02-01,56.038917541503906,155.38804626464844
2023-02-02,55.079490661621094,153.94790649414062
2023-02-03,54.66832733154297,153.1780242919922
2023-02-06,54.97898864746094,155.62356567382812
2023-02-07,54.88762283325195,155.38804626464844
2023-02-08,54.567813873291016,155.0257568359375
2023-02-09,54.4764404296875,156.49305725097656
2023-02-10,54.4764404296875,159.5906524658203
2023-02-13,55.37189483642578,161.01266479492188
2023-02-14,54.449031829833984,159.20118713378906
2023-02-15,54.449031829833984,159.4185791015625
2023-02-16,54.1109504699707,158.96568298339844
2023-02-17,54.93330764770508,159.6631317138672
2023-02-21,54.640899658203125,159.57252502441406
2023-02-22,54.80537796020508,159.51820373535156
2023-02-23,54.90589141845703,159.6902618408203
2023-02-24,54.67745590209961,159.37330627441406
2023-02-27,54.65918731689453,159.3280029296875
2023-02-28,54.37592315673828,157.17234802246094
2023-03-01,53.782005310058594,155.17971801757812
2023-03-02,54.567813873291016,158.04296875
2023-03-03,54.31196594238281,157.887939453125
2023-03-06,55.1525993347168,158.2071075439453
2023-03-07,54.83279037475586,157.4228973388672
2023-03-08,54.86020278930664,157.85145568847656
2023-03-09,54.33024597167969,156.6569366455078
2023-03-10,54.101806640625,156.8666534423828
2023-03-13,54.650047302246094,158.3986053466797
2023-03-14,54.85106658935547,158.2344512939453
2023-03-15,55.21656036376953,161.0612030029297
2023-03-16,55.52040481567383,160.95175170898438
2023-03-17,55.26259231567383,159.69342041015625
2023-03-20,55.796627044677734,161.93658447265625
2023-03-21,55.538818359375,162.31954956054688
2023-03-22,55.29021072387695,160.95175170898438
2023-03-23,55.17051696777344,160.16757202148438
2023-03-24,56.07284164428711,163.30435180664062
2023-03-27,56.48717498779297,163.66912841796875
2023-03-28,56.5516242980957,163.61441040039062
2023-03-29,56.95675277709961,164.7451171875
2023-03-30,56.94754409790039,164.89100646972656
2023-03-31,57.11327362060547,166.2314453125
2023-04-03,57.453941345214844,166.413818359375
2023-04-04,57.27901077270508,165.8210906982422
2023-04-05,57.82223892211914,167.4533233642578
2023-04-06,57.85906982421875,168.10986328125
2023-04-10,57.72096252441406,167.05209350585938
2023-04-11,57.619686126708984,166.79676818847656
2023-04-12,57.72096252441406,166.46852111816406
2023-04-13,58.144500732421875,168.12808227539062
2023-04-14,58.052425384521484,167.33477783203125
2023-04-17,58.429931640625,168.19190979003906
2023-04-18,58.52200698852539,168.53843688964844
2023-04-19,58.632484436035156,168.4381103515625
2023-04-20,58.890296936035156,168.99435424804688
2023-04-21,58.97317123413086,169.06732177734375
2023-04-24,58.8810920715332,169.1493682861328
2023-04-25,58.78900909423828,172.98829650878906
2023-04-26,58.51279067993164,171.92140197753906
2023-04-27,58.632484436035156,172.9700469970703
2023-04-28,59.06523895263672,174.06427001953125
2023-05-01,59.203346252441406,174.78463745117188
2023-05-02,58.936336517333984,175.30438232421875
2023-05-03,58.6048698425293,175.24057006835938
2023-05-04,58.6693229675293,176.33480834960938
2023-05-05,58.94554138183594,177.14634704589844
2023-05-08,58.85346603393555,176.3074493408203
2023-05-09,58.3654670715332,177.02780151367188
2023-05-10,58.466758728027344,177.14634704589844
2023-05-11,58.7982292175293,178.1220245361328
2023-05-12,59.02841567993164,178.8332977294922
2023-05-15,58.871883392333984,177.14634704589844
2023-05-16,58.208946228027344,176.38038635253906
2023-05-17,58.144500732421875,175.1311492919922
2023-05-18,57.82223892211914,174.67523193359375
2023-05-19,57.8498649597168,174.9305419921875
2023-05-22,56.634498596191406,170.18890380859375
2023-05-23,56.5332145690918,169.66912841796875
2023-05-24,56.0544319152832,168.5931396484375
2023-05-25,55.62168502807617,167.59921264648438
2023-05-26,55.48356246948242,167.39862060546875
2023-05-30,55.04161834716797,165.6022491455078
2023-05-31,54.93112564086914,166.2770233154297
2023-06-01,55.24418640136719,167.29165649414062
2023-06-02,56.312232971191406,169.00872802734375
2023-06-05,55.934730529785156,169.1281280517578
2023-06-06,55.52960968017578,166.7131805419922
2023-06-07,55.44673538208008,165.38174438476562
2023-06-08,55.5848503112793,167.20901489257812
2023-06-09,55.67692947387695,167.43858337402344
2023-06-12,55.437538146972656,167.025390625
2023-06-13,55.65850830078125,166.69480895996094
2023-06-14,56.036014556884766,168.19151306152344
2023-06-15,56.80604553222656,170.52381896972656
2023-06-16,57.21425247192383,170.8268280029297
2023-06-20,56.8338737487793,170.15652465820312
2023-06-21,56.991600036621094,170.26670837402344
2023-06-22,57.38125228881836,172.0297088623047
2023-06-23,56.77821731567383,170.85438537597656
2023-06-26,56.79676818847656,169.77085876464844
2023-06-27,56.67616271972656,170.99212646484375
2023-06-28,56.14734649658203,168.67816162109375
2023-06-29,55.683467864990234,168.84349060058594
2023-06-30,55.8690185546875,170.07388305664062
2023-07-03,56.20301055908203,170.42283630371094
2023-07-05,56.6204948425293,171.32269287109375
2023-07-06,56.18445587158203,171.34104919433594
2023-07-07,55.44225311279297,168.10885620117188
2023-07-10,55.0247688293457,169.22911071777344
2023-07-11,55.219600677490234,168.93528747558594
2023-07-12,55.5164794921875,168.19151306152344
2023-07-13,55.989627838134766,172.1949920654297
2023-07-14,56.4998893737793,172.8194122314453
2023-07-17,56.4163932800293,170.4503631591797
2023-07-18,56.193729400634766,169.36685180664062
2023-07-19,57.18642044067383,171.0288543701172
2023-07-20,57.88223648071289,173.82025146484375
2023-07-21,57.92862319946289,174.6099395751953
2023-07-24,57.947181701660156,175.30776977539062
2023-07-25,57.75235366821289,175.71180725097656
2023-07-26,58.49454879760742,175.93214416503906
2023-07-27,57.92862319946289,173.1132049560547
2023-07-28,57.965736389160156,174.74765014648438
2023-07-31,57.45547103881836,172.1306915283203
2023-08-01,57.307029724121094,171.54306030273438
2023-08-02,57.48330307006836,172.9112091064453
2023-08-03,57.18642044067383,171.81851196289062
2023-08-04,56.32361602783203,169.50460815429688
2023-08-07,56.76892852783203,171.60733032226562
2023-08-08,56.518436431884766,169.357666015625
2023-08-09,56.64833068847656,168.93528747558594
2023-08-10,56.518436431884766,168.72409057617188
2023-08-11,56.75037384033203,168.9904022216797
2023-08-14,56.48133850097656,168.60470581054688
2023-08-15,56.100955963134766,166.52035522460938
2023-08-16,56.11023712158203,166.39181518554688
2023-08-17,56.230838775634766,163.85748291015625
2023-08-18,56.54627990722656,163.60955810546875
2023-08-21,56.0638427734375,162.5719757080078
2023-08-22,55.720584869384766,161.33238220214844
2023-08-23,55.915401458740234,163.5544891357422
2023-08-24,55.7669677734375,162.6913299560547
2023-08-25,56.02674102783203,164.7481689453125
2023-08-28,56.18445587158203,165.51028442382812
2023-08-29,56.128787994384766,166.13470458984375
2023-08-30,56.100955963134766,166.27243041992188
2023-08-31,55.507198333740234,164.5201416015625
2023-09-01,55.0247688293457,162.115966796875
2023-09-05,54.57017135620117,161.04330444335938
2023-09-06,54.533058166503906,161.57040405273438
2023-09-07,54.11557388305664,163.1146240234375
2023-09-08,54.11557388305664,162.99441528320312
2023-09-11,54.625831604003906,165.4540557861328
2023-09-12,54.087745666503906,164.84378051757812
2023-09-13,54.21763229370117,166.1475830078125
2023-09-14,54.66647720336914,167.5808563232422
2023-09-15,54.18022537231445,166.29554748535156
2023-09-18,54.5168571472168,165.87017822265625
2023-09-19,54.40465545654297,164.8900146484375
2023-09-20,54.64778137207031,164.9455108642578
2023-09-21,53.80618667602539,162.17144775390625
2023-09-22,53.862281799316406,162.06973266601562
2023-09-25,53.30121994018555,161.20053100585938
2023-09-26,52.861717224121094,159.52684020996094
2023-09-27,52.31935501098633,156.7990264892578
2023-09-28,52.188446044921875,156.73426818847656
2023-09-29,52.347412109375,156.67881774902344
2023-10-02,51.87985610961914,156.42913818359375
2023-10-03,51.318790435791016,155.06983947753906
2023-10-04,51.46841049194336,156.188720703125
2023-10-05,48.98101806640625,148.04225158691406
2023-10-06,49.69169616699219,148.21792602539062
2023-10-09,49.44857406616211,149.20733642578125
2023-10-10,50.52394485473633,152.0183868408203
2023-10-11,50.224708557128906,150.3724365234375
2023-10-12,49.38311767578125,146.17437744140625
2023-10-13,49.45792770385742,147.94976806640625
2023-10-16,49.96288299560547,148.9484405517578
2023-10-17,50.56135177612305,148.29193115234375
2023-10-18,50.54265594482422,149.8268585205078
2023-10-19,50.823184967041016,148.46759033203125
2023-10-20,51.02890396118164,147.94976806640625
2023-10-23,50.57070541381836,148.02374267578125
2023-10-24,52.02947235107422,149.97482299804688
2023-10-25,52.47832107543945,150.1227569580078
2023-10-26,52.16038513183594,149.2535858154297
2023-10-27,51.655433654785156,147.59837341308594
2023-10-30,52.50637435913086,150.05804443359375
2023-10-31,52.82431411743164,150.98275756835938
2023-11-01,52.777557373046875,152.4530029296875
2023-11-02,53.385379791259766,154.26536560058594
2023-11-03,53.0580940246582,154.2283935546875
2023-11-06,53.273170471191406,154.14515686035156
2023-11-07,53.469539642333984,154.58901977539062
2023-11-08,53.385379791259766,154.78321838378906
2023-11-09,52.9832763671875,153.64585876464844
2023-11-10,53.03939437866211,154.34861755371094
2023-11-13,53.23576354980469,155.13458251953125
2023-11-14,53.39473342895508,155.44895935058594
2023-11-15,53.497596740722656,154.65374755859375
2023-11-16,53.44148635864258,155.07911682128906
2023-11-17,53.54434585571289,154.2006378173828
2023-11-20,53.67526626586914,153.9787139892578
2023-11-21,54.26438522338867,155.16232299804688
2023-11-22,54.62907409667969,156.4753875732422
2023-11-24,54.76933670043945,156.61407470703125
2023-11-27,54.66647720336914,155.64317321777344
2023-11-28,54.77870178222656,156.14248657226562
2023-11-29,54.45140838623047,154.57054138183594
2023-11-30,55.08292007446289,156.80203247070312
2023-12-01,55.271427154541016,157.17474365234375
2023-12-04,55.205448150634766,157.59400939941406
2023-12-05,55.2902717590332,156.47592163085938
2023-12-06,55.23372268676758,156.0752716064453
2023-12-07,55.36568069458008,156.02870178222656
2023-12-08,55.2431526184082,154.37020874023438
2023-12-11,55.64845275878906,156.36415100097656
2023-12-12,56.00661849975586,156.96971130371094
2023-12-13,56.48731994628906,160.26808166503906
2023-12-14,55.64845275878906,156.76475524902344
2023-12-15,55.23372268676758,155.60011291503906
2023-12-18,55.629600524902344,157.37973022460938
2023-12-19,55.45051574707031,156.4852294921875
2023-12-20,54.300601959228516,154.3795166015625
2023-12-21,54.658775329589844,155.57211303710938
2023-12-22,54.969810485839844,156.23365783691406
2023-12-26,55.19602966308594,157.33311462402344
2023-12-27,55.337406158447266,157.8362274169922
2023-12-28,55.3751106262207,157.8269500732422
2023-12-29,55.544769287109375,158.24620056152344
2024-01-02,56.383644104003906,161.10665893554688
2024-01-03,56.515602111816406,161.14390563964844
2024-01-04,56.32708740234375,159.7649688720703
2024-01-05,56.24225997924805,157.40765380859375
2024-01-08,56.656986236572266,157.56605529785156
2024-01-09,56.55329895019531,155.7584686279297
2024-01-10,56.74181365966797,155.5255584716797
2024-01-11,56.37421798706055,154.7894744873047
2024-01-12,56.920902252197266,155.85165405273438
2024-01-16,56.543880462646484,154.82675170898438
2024-01-17,56.543880462646484,155.07830810546875
2024-01-18,56.70410919189453,155.7584686279297
2024-01-19,56.393070220947266,154.46336364746094
2024-01-22,56.14800262451172,153.839111328125
2024-01-23,56.411922454833984,156.19639587402344
2024-01-24,55.52592086791992,154.29566955566406
2024-01-25,55.761558532714844,155.19012451171875
2024-01-26,55.959495544433594,156.40139770507812
2024-01-29,56.29881286621094,156.6715850830078
2024-01-30,56.45905303955078,158.04124450683594
2024-01-31,56.072601318359375,157.02565002441406
2024-02-01,57.47700881958008,159.979248046875
2024-02-02,57.06228256225586,159.299072265625
2024-02-05,56.59100341796875,159.25250244140625
2024-02-06,56.49674987792969,159.71836853027344
2024-02-07,56.543880462646484,159.7649688720703
2024-02-08,56.393070220947266,161.98248291015625
2024-02-09,56.13857650756836,156.224365234375
2024-02-12,56.270538330078125,158.96365356445312
2024-02-13,55.94063186645508,157.35179138183594
2024-02-14,55.884090423583984,156.08460998535156
2024-02-15,55.98777389526367,156.40139770507812
2024-02-16,55.97834396362305,154.96653747558594
2024-02-20,57.21309280395508,157.13748168945312
2024-02-21,57.72207260131836,157.30517578125
2024-02-22,57.637237548828125,156.76475524902344
2024-02-23,57.68436813354492,158.02261352539062
2024-02-26,57.22251892089844,156.77406311035156
2024-02-27,56.873775482177734,156.680908203125
2024-02-28,56.930328369140625,155.6280517578125
2024-02-29,56.57215881347656,155.22901916503906
2024-03-01,56.11030578613281,154.52490234375
2024-03-04,56.37421798706055,155.2572021484375
2024-03-05,56.10087203979492,152.1308135986328
2024-03-06,56.129146575927734,153.03213500976562
2024-03-07,56.025474548339844,153.13540649414062
2024-03-08,56.10087203979492,153.07907104492188
2024-03-11,56.779518127441406,154.6563262939453
2024-03-12,57.02457809448242,154.47796630859375
2024-03-13,57.60896301269531,155.19146728515625
2024-03-14,57.4807014465332,154.70326232910156
2024-03-15,56.891639709472656,154.59063720703125
2024-03-18,57.12916564941406,160.78700256347656
2024-03-19,57.22417449951172,161.2939910888672
2024-03-20,57.71822738647461,161.35032653808594
2024-03-21,57.45220184326172,161.9042205810547
2024-03-22,57.4712028503418,161.50051879882812
2024-03-25,57.38569259643555,162.04507446289062
2024-03-26,57.518707275390625,162.16709899902344
2024-03-27,57.984249114990234,162.95574951171875
2024-03-28,58.126766204833984,164.30767822265625
2024-04-01,57.65171813964844,162.40182495117188
2024-04-02,57.14816665649414,160.9559783935547
2024-04-03,56.844139099121094,159.30361938476562
2024-04-04,56.3405876159668,159.2754669189453
2024-04-05,56.54010772705078,158.79664611816406
2024-04-08,56.31208801269531,159.20977783203125
2024-04-09,56.73963165283203,160.1767578125
2024-04-10,55.979549407958984,158.61827087402344
2024-04-11,56.103065490722656,158.0643768310547
2024-04-12,55.371490478515625,157.82025146484375
2024-04-15,55.23847579956055,156.74057006835938
2024-04-16,55.162471771240234,157.25692749023438
2024-04-17,55.59001159667969,159.1158447265625
2024-04-18,55.970054626464844,161.73524475097656
2024-04-19,57.167171478271484,163.4814910888672
2024-04-22,57.5282096862793,165.6690216064453
2024-04-23,57.613712310791016,160.74945068359375
2024-04-24,58.47830581665039,166.56092834472656
2024-04-25,58.65882110595703,165.87557983398438
2024-04-26,58.65882110595703,164.84283447265625
2024-04-29,58.94384765625,165.3686065673828
2024-04-30,58.687320709228516,165.15264892578125
2024-05-01,58.83934020996094,164.4391326904297
2024-05-02,58.8963508605957,164.72076416015625
2024-05-03,59.067359924316406,165.3779754638672
2024-05-06,59.238372802734375,165.06814575195312
2024-05-07,59.494903564453125,167.13360595703125
2024-05-08,59.71342468261719,166.56092834472656
2024-05-09,59.7419319152832,167.17117309570312
2024-05-10,60.102962493896484,168.79537963867188
2024-05-13,60.40699768066406,169.8374786376953
2024-05-14,59.95094680786133,168.8704833984375
2024-05-15,59.979454040527344,168.4855499267578
2024-05-16,60.15996551513672,171.912353515625
2024-05-17,59.884437561035156,171.04859924316406
2024-05-20,59.4473991394043,169.28358459472656
2024-05-21,59.77042770385742,170.00650024414062
2024-05-22,59.85594177246094,170.95472717285156
2024-05-23,58.99135208129883,168.3071746826172
2024-05-24,58.905845642089844,167.10545349121094
2024-05-28,58.734832763671875,162.77735900878906
2024-05-29,58.62081527709961,160.6837615966797
2024-05-30,58.87733840942383,160.05470275878906
2024-05-31,59.7894287109375,162.3267364501953
2024-06-03,59.7894287109375,160.75885009765625
2024-06-04,60.749027252197266,163.25619506835938
2024-06-05,60.73002243041992,162.88063049316406
2024-06-06,60.94854736328125,162.60838317871094
2024-06-07,60.72052764892578,161.8466339111328
2024-06-10,60.41649627685547,156.98291015625
2024-06-11,60.37849044799805,156.19752502441406
2024-06-12,59.7419319152832,155.02418518066406
2024-06-13,59.846439361572266,154.55105590820312
2024-06-14,59.889522552490234,155.00526428222656
2024-06-17,59.956546783447266,157.2100067138672
2024-06-18,59.96612548828125,157.53173828125
2024-06-20,59.535255432128906,157.72097778320312
2024-06-21,60.10016632080078,158.2887420654297
2024-06-24,61.24912643432617,159.04574584960938
2024-06-25,61.124656677246094,158.35501098632812
2024-06-26,61.32572555541992,157.7777862548828
2024-06-27,61.19167709350586,157.3235626220703
2024-06-28,60.94274139404297,156.06504821777344
2024-07-01,60.588470458984375,154.13470458984375
2024-07-02,60.46400451660156,154.78761291503906
2024-07-03,60.636348724365234,153.8603057861328
2024-07-05,61.04805374145508,155.5540771484375
2024-07-08,60.28207778930664,153.4060821533203
2024-07-09,60.023563385009766,153.19790649414062
2024-07-10,60.157615661621094,154.7970733642578
2024-07-11,60.41613006591797,155.13771057128906
2024-07-12,60.99061584472656,157.4371337890625
2024-07-15,60.712947845458984,155.0525665283203
2024-07-16,61.53635787963867,155.90419006347656
2024-07-17,62.43638610839844,160.7584686279297
2024-07-18,62.417232513427734,161.212646484375
2024-07-19,62.51298141479492,160.25692749023438
2024-07-22,62.01509475708008,158.64833068847656
2024-07-23,62.1970100402832,157.34249877929688
2024-07-24,63.010860443115234,159.1309051513672
2024-07-25,63.25981140136719,161.82772827148438
2024-07-26,64.19813537597656,163.46473693847656
2024-07-29,63.98748016357422,163.9000244140625
2024-07-30,64.80133056640625,163.87159729003906
2024-07-31,63.901302337646484,163.3890380859375
2024-08-01,65.06941223144531,165.55596923828125
2024-08-02,66.38114166259766,168.47039794921875
2024-08-05,65.2034683227539,164.68539428710938
2024-08-06,65.15558624267578,163.21871948242188
2024-08-07,65.54814910888672,162.55630493164062
2024-08-08,65.80667114257812,163.1051483154297
2024-08-09,65.75879669189453,163.1240997314453
2024-08-12,65.2704849243164,162.20620727539062
2024-08-13,65.54814910888672,163.1051483154297
2024-08-14,65.66304016113281,164.37313842773438
2024-08-15,65.73007202148438,163.24710083007812
2024-08-16,66.2375259399414,163.34170532226562
2024-08-19,66.04603576660156,164.47723388671875
2024-08-20,66.42902374267578,166.39813232421875
2024-08-21,66.6109390258789,165.79251098632812
2024-08-22,66.38114166259766,166.29403686523438
2024-08-23,66.82158660888672,166.4170379638672
2024-08-26,67.82691955566406,166.5116729736328
2024-08-27,68.45884704589844,165.87765502929688
2024-08-28,68.6982192993164,164.57183837890625
2024-08-29,68.98545837402344,162.84019470214844
2024-08-30,69.3875961303711,163.58773803710938
2024-09-03,69.90462493896484,167.9972686767578
2024-09-04,69.4737548828125,168.92459106445312
2024-09-05,68.14288330078125,169.6626739501953
2024-09-06,68.1141586303711,169.08584594726562
2024-09-09,68.7939682006836,169.89627075195312
2024-09-10,68.50672149658203,169.53396606445312
2024-09-11,68.05670928955078,167.5984344482422
2024-09-12,68.20032501220703,169.00001525878906
2024-09-13,68.84142303466797,169.1049041748047
2024-09-16,69.50658416748047,168.96188354492188
2024-09-17,69.2173843383789,168.6376953125
2024-09-18,69.16918182373047,167.0549774169922
2024-09-19,68.079833984375,166.5305633544922
2024-09-20,69.06312561035156,163.21253967285156
2024-09-23,69.14990234375,164.0992431640625
2024-09-24,68.76428985595703,162.01119995117188
2024-09-25,68.87995910644531,161.515380859375
2024-09-26,68.83177947998047,161.79190063476562
2024-09-27,69.2077407836914,162.08746337890625
2024-09-30,69.27521514892578,162.13514709472656
2024-10-01,69.130615234375,163.4032440185547
2024-10-02,68.45580291748047,161.65841674804688
2024-10-03,67.9834213256836,160.6858673095703
2024-10-04,67.64600372314453,160.1519775390625
2024-10-07,66.52774047851562,159.4273223876953
2024-10-08,66.69161987304688,162.48789978027344
2024-10-09,67.06759643554688,164.50924682617188
2024-10-10,66.75910949707031,164.93829345703125
2024-10-11,67.06759643554688,166.673583984375
2024-10-14,67.80989837646484,167.903564453125
2024-10-15,67.80989837646484,167.71282958984375
2024-10-16,68.03163146972656,166.35894775390625
2024-10-17,67.38572692871094,166.54010009765625
2024-10-18,67.90631103515625,166.9119415283203
2024-10-21,66.95191955566406,166.86427307128906
2024-10-22,66.95191955566406,166.25405883789062
2024-10-23,65.56370544433594,164.900146484375
2024-10-24,64.87924194335938,164.14694213867188
2024-10-25,64.51292419433594,163.79412841796875
2024-10-28,64.27189636230469,161.93490600585938
2024-10-29,63.20182800292969,159.7038116455078
2024-10-30,63.54888153076172,158.47386169433594
2024-10-31,62.96082305908203,158.34991455078125
2024-11-01,62.67162322998047,157.88270568847656
2024-11-04,62.76802062988281,158.5978240966797
2024-11-05,63.01866912841797,160.03753662109375
2024-11-06,61.40873718261719,157.043701171875
2024-11-07,61.370174407958984,156.36672973632812
2024-11-08,61.620819091796875,157.42506408691406
2024-11-11,61.08096694946289,156.61460876464844
2024-11-12,60.926727294921875,156.69090270996094
2024-11-13,60.73391342163086,157.07229614257812
2024-11-14,60.30009841918945,157.46319580078125
2024-11-15,59.51923751831055,151.2371368408203
2024-11-18,59.63492202758789,150.96063232421875
2024-11-19,60.338661193847656,149.42556762695312
2024-11-20,60.72427749633789,151.3515625
2024-11-21,61.466575622558594,152.8770751953125
2024-11-22,61.620819091796875,154.45980834960938
2024-11-25,62.064273834228516,155.46095275878906
2024-11-26,62.22816467285156,154.6123809814453
2024-11-27,62.11248016357422,155.14630126953125
2024-11-29,62.24361038208008,155.8423309326172
2024-12-02,61.825931549072266,155.46095275878906
2024-12-03,61.69965744018555,154.1737823486328
2024-12-04,60.42719650268555,152.7245330810547
2024-12-05,61.116851806640625,153.0200958251953
2024-12-06,60.73802947998047,151.7267608642578
2024-12-09,60.8060188293457,153.3422393798828
2024-12-10,61.107139587402344,153.69801330566406
2024-12-11,60.844879150390625,150.74598693847656
2024-12-12,62.01049041748047,152.7941131591797
2024-12-13,61.311119079589844,151.89987182617188
2024-12-16,60.757450103759766,150.02479553222656
2024-12-17,61.583099365234375,150.1401824951172
2024-12-18,61.04885482788086,148.49588012695312
2024-12-19,60.66032028198242,145.64962768554688
2024-12-20,60.757450103759766,146.9188995361328
2024-12-23,60.59232711791992,145.47654724121094
2024-12-24,61.03914260864258,146.9381561279297
2024-12-26,60.77688217163086,146.58236694335938
2024-12-27,60.66032028198242,147.0150604248047
2024-12-30,60.252357482910156,145.89004516601562
2024-12-31,60.47576141357422,146.2169647216797
2025-01-02,60.06780242919922,144.43804931640625
2025-01-03,59.98038101196289,143.89956665039062
2025-01-06,59.067325592041016,140.6494598388672
2025-01-07,59.096458435058594,139.81288146972656
2025-01-08,59.9415283203125,140.90907287597656
2025-01-10,59.31986999511719,137.158935546875
2025-01-13,59.88324737548828,138.9474639892578
2025-01-14,60.2620735168457,139.3801727294922
2025-01-15,59.99980926513672,139.21669006347656
2025-01-16,60.46605682373047,140.90907287597656
2025-01-17,60.91286849975586,142.55335998535156
2025-01-21,60.63117980957031,142.8418426513672
2025-01-22,60.009521484375,142.39950561523438
2025-01-23,59.76668167114258,142.9091339111328
2025-01-24,60.1455078125,143.38992309570312
2025-01-27,62.03962707519531,148.66897583007812
2025-01-28,60.57290267944336,144.4765167236328
2025-01-29,61.02943420410156,144.59188842773438
2025-01-30,62.214473724365234,146.06309509277344
2025-01-31,61.660804748535156,144.8996124267578
2025-02-03,61.534523010253906,144.49574279785156
2025-02-04,60.87401580810547,137.9762725830078
2025-02-05,61.311119079589844,140.06288146972656
2025-02-06,61.54424285888672,139.76480102539062
2025-02-07,62.01049041748047,139.02439880371094
2025-02-10,62.70014190673828,138.80323791503906
2025-02-11,65.66272735595703,140.0436553955078
2025-02-12,66.74092864990234,138.45706176757812
2025-02-13,67.5082778930664,139.02439880371094
2025-02-14,66.8963394165039,137.88011169433594
2025-02-18,67.07118225097656,138.5628204345703
2025-02-19,68.06195068359375,140.2071075439453
2025-02-20,68.03280639648438,143.3707275390625
2025-02-21,69.30526733398438,147.60162353515625
2025-02-24,68.5670394897461,147.93817138671875
2025-02-25,69.44125366210938,150.409423828125
2025-02-26,68.77102661132812,145.68807983398438
2025-02-27,68.83901977539062,146.17849731445312
2025-02-28,69.16928100585938,147.57278442382812
2025-03-03,70.24746704101562,149.99595642089844
2025-03-04,68.17850494384766,148.26510620117188
2025-03-05,68.07166290283203,147.96702575683594
2025-03-06,68.44076538085938,148.66897583007812
2025-03-07,69.38296508789062,149.81851196289062
2025-03-10,69.40238952636719,151.57435607910156
2025-03-11,69.00414276123047,147.7716522216797
2025-03-12,67.93567657470703,143.7361297607422
2025-03-13,67.62484741210938,143.9010467529297
2025-03-14,67.67377471923828,144.14356994628906
2025-03-17,68.61314392089844,146.811279296875
2025-03-18,67.88904571533203,144.53160095214844
2025-03-19,67.79119110107422,143.67794799804688
2025-03-20,68.21195220947266,142.7466583251953
2025-03-21,67.19429779052734,141.0975341796875
2025-03-24,67.4682846069336,142.06759643554688
2025-03-25,67.33128356933594,141.18482971191406
2025-03-26,68.51528930664062,144.19207763671875
2025-03-27,69.21981048583984,145.19125366210938
2025-03-28,68.85777282714844,144.80322265625
2025-03-31,70.0809097290039,145.45318603515625
2025-04-01,70.32553100585938,145.19125366210938
2025-04-02,69.79713439941406,144.65771484375
2025-04-03,71.60738372802734,146.8403778076172
2025-04-04,68.4272232055664,142.2228240966797
2025-04-07,66.90074920654297,138.90516662597656
2025-04-08,66.94966888427734,136.1016387939453
2025-04-09,68.44678497314453,141.23333740234375
2025-04-10,69.23938751220703,139.82672119140625
2025-04-11,69.89498138427734,140.10804748535156
2025-04-14,70.89306640625,142.35862731933594
2025-04-15,70.31574249267578,138.5656280517578
2025-04-16,70.13961029052734,135.89791870117188
2025-04-17,71.4312515258789,138.5656280517578
2025-04-21,71.20618438720703,137.4888458251953
2025-04-22,72.31190490722656,139.16708374023438
2025-04-23,71.72480773925781,138.00299072265625
2025-04-24,70.96155548095703,131.26095581054688
2025-04-25,70.36468505859375,129.3887176513672
2025-04-28,70.24724578857422,129.75733947753906
2025-04-29,70.79521179199219,130.2908935546875
2025-04-30,70.99092864990234,131.52288818359375
2025-05-01,69.75799560546875,129.55361938476562
2025-05-02,70.11026000976562,129.7476348876953
2025-05-05,70.15918731689453,128.04031372070312
2025-05-06,70.17875671386719,126.82770538330078
2025-05-07,70.84414672851562,127.97239685058594
2025-05-08,69.64057159423828,127.4970474243164
2025-05-09,69.0045394897461,126.53669738769531
2025-05-12,68.03581237792969,127.73957824707031
2025-05-13,67.47807312011719,126.41057586669922
2025-05-14,67.67377471923828,124.60623931884766
2025-05-15,70.07112121582031,127.56497192382812
2025-05-16,70.45272827148438,128.03060913085938
2025-05-19,70.38423919677734,127.84629821777344
2025-05-20,70.14940643310547,127.85599517822266
2025-05-21,70.30596160888672,126.25536346435547
2025-05-22,69.61122131347656,126.22625732421875
2025-05-23,70.22767639160156,125.4696044921875
2025-05-27,70.23746490478516,127.43885803222656
2025-05-28,69.62100219726562,126.75981140136719
2025-05-29,69.95370483398438,127.97239685058594
2025-05-30,70.55058288574219,127.51646423339844
2025-06-02,70.45272827148438,126.99263000488281
2025-06-03,69.63079071044922,127.9045181274414
2025-06-04,69.8362808227539,127.79780578613281
2025-06-05,69.38616180419922,127.18665313720703
2025-06-06,69.81670379638672,127.52302551269531
2025-06-09,70.22767639160156,127.45439147949219
2025-06-10,70.79521179199219,129.28831481933594
2025-06-11,70.52123260498047,127.3955307006836
2025-06-12,70.68758392333984,129.749267578125
2025-06-13,69.9878921508789,128.3272247314453
2025-06-16,69.49516296386719,128.8764190673828
2025-06-17,68.60824584960938,126.79728698730469
2025-06-18,68.2042007446289,126.58154296875
2025-06-20,67.8395767211914,126.58154296875
2025-06-23,68.72649383544922,126.60115051269531
2025-06-24,69.1896743774414,128.52337646484375
2025-06-25,68.61809539794922,125.55178833007812
2025-06-26,68.4604263305664,125.74793243408203
2025-06-27,69.30792999267578,128.5135498046875
2025-06-30,69.7218246459961,129.4942626953125
2025-07-01,70.62844848632812,132.65219116210938
2025-07-02,69.87950134277344,133.84866333007812
2025-07-03,70.31310272216797,132.7698974609375
2025-07-07,69.97804260253906,131.85780334472656
2025-07-08,69.21923065185547,132.43641662597656
2025-07-09,68.47028350830078,131.88723754882812
2025-07-10,68.75606536865234,133.45639038085938
2025-07-11,68.8546142578125,132.65219116210938
2025-07-14,68.4604263305664,132.9562225341797
2025-07-15,68.3520278930664,131.2301483154297
2025-07-16,68.2633285522461,132.740478515625
2025-07-17,69.56414031982422,142.6359405517578
2025-07-18,68.83489990234375,140.4783477783203
2025-07-21,69.05170440673828,138.96803283691406
2025-07-22,68.64766693115234,143.22434997558594
2025-07-23,68.15493774414062,142.8516845703125
2025-07-24,68.0958023071289,141.72384643554688
2025-07-25,68.16478729248047,140.68429565429688
2025-07-28,67.10047912597656,138.84054565429688
2025-07-29,68.37173461914062,141.11581420898438
2025-07-30,67.75089263916016,140.1056671142578
2025-07-31,66.90338897705078,135.2609100341797
2025-08-01,67.85929107666016,136.59469604492188
2025-08-04,67.95783996582031,136.86929321289062
2025-08-05,68.0465316772461,136.76141357421875
2025-08-06,68.49984741210938,138.0853729248047
2025-08-07,69.40647888183594,141.14523315429688
2025-08-08,69.31777954101562,142.41036987304688
2025-08-11,69.7218246459961,142.07691955566406
2025-08-12,69.68240356445312,144.03836059570312
2025-08-13,69.43603515625,146.47055053710938
2025-08-14,68.53926086425781,145.75460815429688
2025-08-15,68.90388488769531,147.5002899169922
2025-08-18,68.1253662109375,146.66668701171875
2025-08-19,69.11083221435547,149.2263641357422
2025-08-20,69.67254638671875,147.8239288330078
2025-08-21,69.63313293457031,146.107666015625
2025-08-22,69.11083221435547,146.75494384765625
2025-08-25,67.92827606201172,145.3426971435547
2025-08-26,67.73118591308594,144.1658477783203
2025-08-27,67.82972717285156,144.79351806640625
2025-08-28,67.3665542602539,144.14622497558594
2025-08-29,67.98739624023438,145.78404235839844
2025-09-02,68.05638122558594,147.3826141357422
2025-09-03,67.98739624023438,145.77423095703125
2025-09-04,67.2581558227539,144.05796813964844
2025-09-05,66.97237396240234,144.97203063964844
2025-09-08,66.4500732421875,140.33737182617188
2025-09-09,66.87382507324219,141.7139129638672
2025-09-10,66.83440399169922,141.27816772460938
2025-09-11,66.63731384277344,142.83294677734375
2025-09-12,66.03617858886719,142.13973999023438
2025-09-15,65.74819946289062,139.27772521972656
2025-09-16,65.77798461914062,138.6736297607422
2025-09-17,66.5724105834961,139.8620147705078
2025-09-18,65.99645233154297,139.36685180664062
2025-09-19,65.96665954589844,140.38687133789062
2025-09-22,65.74819946289062,139.66395568847656
2025-09-23,66.24471282958984,140.5255126953125
2025-09-24,65.98651885986328,140.79290771484375
2025-09-25,65.51980590820312,138.564697265625
2025-09-26,65.21195983886719,139.0796661376953
2025-09-29,65.57938385009766,138.81228637695312
2025-09-30,65.85742950439453,139.0796661376953
2025-10-01,66.31422424316406,141.75350952148438
2025-10-02,65.63896179199219,140.93154907226562
2025-10-03,66.18512725830078,140.60475158691406
2025-10-06,65.63896179199219,138.34683227539062
2025-10-07,66.32415008544922,139.42626953125
2025-10-08,65.65882873535156,137.4951629638672
2025-10-09,65.9070816040039,143.30831909179688
2025-10-10,66.5724105834961,148.6262969970703
2025-10-13,66.3340835571289,147.44781494140625
2025-10-14,67.03913116455078,150.0721435546875
2025-10-15,66.61212921142578,149.69583129882812
2025-10-16,67.11856842041016,151.1912078857422
2025-10-17,67.962646484375,152.22113037109375
2025-10-20,67.962646484375,152.1518096923828
2025-10-21,70.72325134277344,151.69625854492188
2025-10-22,70.31610870361328,151.54771423339844
2025-10-23,69.45218658447266,150.0424346923828
2025-10-24,69.22378540039062,150.08206176757812
2025-10-27,69.57134246826172,151.15159606933594
2025-10-28,69.670654296875,148.6658935546875
2025-10-29,67.8732681274414,144.7442626953125
2025-10-30,68.4988784790039,146.1208038330078
2025-10-31,68.41943359375,144.67494201660156
2025-11-03,67.49592590332031,142.2090606689453
2025-11-04,68.18111419677734,141.51583862304688
2025-11-05,68.03215789794922,141.47622680664062
2025-11-06,68.57831573486328,140.2086181640625
2025-11-07,70.05792999267578,141.5653533935547
2025-11-10,70.02812957763672,141.23854064941406
2025-11-11,71.11053466796875,143.6747283935547
2025-11-12,71.01123046875,142.9914093017578
2025-11-13,70.57430267333984,143.6153106689453
2025-11-14,70.6636734008789,144.43727111816406
2025-11-17,70.18701934814453,146.39808654785156
2025-11-18,70.72325134277344,147.3289794921875
2025-11-19,70.61402130126953,145.68505859375
2025-11-20,70.71332550048828,144.68484497070312
2025-11-21,72.4411849975586,144.91261291503906
2025-11-24,72.08369445800781,144.0906524658203
2025-11-25,72.10356140136719,144.6947479248047
2025-11-26,72.37167358398438,146.546630859375
2025-11-28,72.61000061035156,147.2992706298828
2025-12-01,71.94999694824219,148.0618133544922
2025-12-02,70.66999816894531,147.1705322265625
2025-12-03,70.80999755859375,146.6258544921875
2025-12-04,70.44999694824219,145.48699951171875
2025-12-05,70.0,145.02000427246094
2025-12-08,70.25,145.6300048828125
2025-12-09,70.08999633789062,144.63999938964844
2025-12-10,70.20999908447266,149.6999969482422
2025-12-11,69.11000061035156,149.0399932861328
2025-12-12,70.5199966430664,150.64999389648438
2025-12-15,70.97000122070312,151.22000122070312
2025-12-16,70.37000274658203,150.3699951171875
2025-12-17,70.66999816894531,150.0800018310547
2025-12-18,70.36000061035156,149.3699951171875
2025-12-19,70.05999755859375,148.16000366210938
2025-12-22,70.20999908447266,147.0500030517578
2025-12-23,69.87000274658203,143.67999267578125
2025-12-24,70.11000061035156,143.74000549316406
2025-12-26,69.87000274658203,143.77999877929688
2025-12-29,70.16000366210938,144.24000549316406
2025-12-30,70.06999969482422,144.16000366210938
2025-12-31,69.91000366210938,143.52000427246094
