Date,IVV,SPY
2020-01-02,298.0406188964844,297.698974609375
2020-01-03,295.7481689453125,295.4446716308594
2020-01-06,296.9171142578125,296.5718688964844
2020-01-07,296.10430908203125,295.73797607421875
2020-01-08,297.611328125,297.31414794921875
2020-01-09,299.62066650390625,299.3301086425781
2020-01-10,298.7895202636719,298.46875
2020-01-13,300.8810729980469,300.5213623046875
2020-01-14,300.4152526855469,300.063232421875
2020-01-15,301.0911560058594,300.7413635253906
2020-01-16,303.5937805175781,303.24298095703125
2020-01-17,304.5984191894531,304.18682861328125
2020-01-21,303.9407653808594,303.5911865234375
2020-01-22,304.0047302246094,303.6279296875
2020-01-23,304.379150390625,303.9761047363281
2020-01-24,301.6117858886719,301.2728271484375
2020-01-27,296.7162780761719,296.4434814453125
2020-01-28,299.8764343261719,299.550048828125
2020-01-29,299.6662902832031,299.30267333984375
2020-01-30,300.57061767578125,300.2739562988281
2020-01-31,295.2275085449219,294.8216247558594
2020-02-03,297.346435546875,297.01171875
2020-02-04,301.9587707519531,301.5386657714844
2020-02-05,305.3199768066406,305.02069091796875
2020-02-06,306.489013671875,306.04705810546875
2020-02-07,304.82672119140625,304.4159851074219
2020-02-10,307.08270263671875,306.6884765625
2020-02-11,307.64892578125,307.2200012207031
2020-02-12,309.6217346191406,309.1993408203125
2020-02-13,309.2381286621094,308.86944580078125
2020-02-14,309.6856689453125,309.36431884765625
2020-02-18,308.9459228515625,308.5670471191406
2020-02-19,310.425537109375,310.04241943359375
2020-02-20,309.1559143066406,308.7686767578125
2020-02-21,305.9775695800781,305.58892822265625
2020-02-24,295.76641845703125,295.4538879394531
2020-02-25,286.8978576660156,286.50103759765625
2020-02-26,285.7927551269531,285.44720458984375
2020-02-27,272.82330322265625,272.6272277832031
2020-02-28,270.2659912109375,271.48187255859375
2020-03-02,283.50030517578125,283.23883056640625
2020-03-03,275.3716125488281,275.12896728515625
2020-03-04,287.47320556640625,286.6934814453125
2020-03-05,277.43572998046875,277.1633605957031
2020-03-06,272.814208984375,272.58148193359375
2020-03-09,250.9854278564453,251.29440307617188
2020-03-10,264.4571533203125,264.297607421875
2020-03-11,251.59738159179688,251.41351318359375
2020-03-12,227.38473510742188,227.35888671875
2020-03-13,248.01707458496094,246.79502868652344
2020-03-16,219.31085205078125,219.78977966308594
2020-03-17,233.2575225830078,231.65664672851562
2020-03-18,220.26983642578125,219.92724609375
2020-03-19,221.0827178955078,220.3945770263672
2020-03-20,211.12733459472656,210.8968505859375
2020-03-23,205.18150329589844,205.5045623779297
2020-03-24,224.57168579101562,224.12396240234375
2020-03-25,227.44007873535156,227.4791717529297
2020-03-26,241.13404846191406,240.76161193847656
2020-03-27,233.66207885742188,233.5903778076172
2020-03-30,241.12486267089844,241.1763916015625
2020-03-31,237.48538208007812,237.58157348632812
2020-04-01,226.8242950439453,226.88922119140625
2020-04-02,232.14564514160156,232.12478637695312
2020-04-03,228.86463928222656,228.7696075439453
2020-04-06,244.28643798828125,244.13525390625
2020-04-07,244.38751220703125,244.38412475585938
2020-04-08,252.74176025390625,252.58775329589844
2020-04-09,256.5282897949219,256.4314270019531
2020-04-13,254.06524658203125,254.0901336669922
2020-04-14,261.77618408203125,261.583984375
2020-04-15,256.02288818359375,256.0257568359375
2020-04-16,257.383056640625,257.2609558105469
2020-04-17,264.3035583496094,264.21099853515625
2020-04-20,259.59796142578125,259.5561218261719
2020-04-21,251.69410705566406,251.67514038085938
2020-04-22,257.3922424316406,257.2609558105469
2020-04-23,257.3188171386719,257.242431640625
2020-04-24,260.92144775390625,260.82818603515625
2020-04-27,264.8642272949219,264.5888977050781
2020-04-28,263.43963623046875,263.3721923828125
2020-04-29,270.32342529296875,270.266845703125
2020-04-30,267.5938415527344,267.75054931640625
2020-05-01,260.5814208984375,260.6622314453125
2020-05-04,261.5923767089844,261.3811950683594
2020-05-05,263.8992919921875,263.796142578125
2020-05-06,262.16217041015625,262.0080261230469
2020-05-07,265.2685852050781,265.1695556640625
2020-05-08,269.7076416015625,269.55706787109375
2020-05-11,269.6985168457031,269.61248779296875
2020-05-12,264.2024841308594,264.2386474609375
2020-05-13,259.6716003417969,259.5653076171875
2020-05-14,262.7779846191406,262.671630859375
2020-05-15,263.9176025390625,263.879150390625
2020-05-18,272.0788269042969,271.91680908203125
2020-05-19,269.275634765625,269.1239013671875
2020-05-20,273.8710632324219,273.6957702636719
2020-05-21,271.8674621582031,271.8061828613281
2020-05-22,272.4189453125,272.3222961425781
2020-05-26,275.87457275390625,275.6775207519531
2020-05-27,279.9000549316406,279.77935791015625
2020-05-28,279.3486633300781,279.2632141113281
2020-05-29,280.4791259765625,280.5075378417969
2020-06-01,281.8576965332031,281.641357421875
2020-06-02,284.20123291015625,283.9733581542969
2020-06-03,288.02459716796875,287.7524719238281
2020-06-04,287.0595397949219,286.9967041015625
2020-06-05,294.5407409667969,294.3521728515625
2020-06-08,298.14337158203125,297.9101867675781
2020-06-09,295.9468688964844,295.6887512207031
2020-06-10,294.20062255859375,294.03887939453125
2020-06-11,277.17962646484375,277.08782958984375
2020-06-12,280.6445617675781,280.4061584472656
2020-06-15,283.22027587890625,283.02398681640625
2020-06-16,288.6651611328125,288.4714660644531
2020-06-17,287.3638916015625,287.27325439453125
2020-06-18,287.5853576660156,287.3837890625
2020-06-19,285.8320617675781,285.74139404296875
2020-06-22,287.88067626953125,287.5744323730469
2020-06-23,289.0527648925781,288.8982849121094
2020-06-24,281.7528381347656,281.52899169921875
2020-06-25,284.7061462402344,284.54718017578125
2020-06-26,277.9136962890625,277.7887878417969
2020-06-29,282.08502197265625,281.87158203125
2020-06-30,285.8043518066406,285.482177734375
2020-07-01,287.76080322265625,287.4819030761719
2020-07-02,289.2742004394531,289.0650634765625
2020-07-06,293.7132873535156,293.5274658203125
2020-07-07,290.6862487792969,290.5001220703125
2020-07-08,292.85504150390625,292.7220458984375
2020-07-09,291.3691711425781,291.0555725097656
2020-07-10,294.3039245605469,294.02740478515625
2020-07-13,291.6922302246094,291.4814147949219
2020-07-14,295.47601318359375,295.2587585449219
2020-07-15,298.23541259765625,297.97137451171875
2020-07-16,297.20172119140625,296.989990234375
2020-07-17,298.0784606933594,297.8509826660156
2020-07-20,300.5425109863281,300.2581481933594
2020-07-21,301.0870361328125,300.8969421386719
2020-07-22,302.8589172363281,302.609619140625
2020-07-23,299.1951599121094,298.99896240234375
2020-07-24,297.2848815917969,297.0733337402344
2020-07-27,299.4720458984375,299.2397155761719
2020-07-28,297.62628173828125,297.3418273925781
2020-07-29,301.2070007324219,300.99871826171875
2020-07-30,300.1734619140625,299.9248352050781
2020-07-31,302.5359802246094,302.29486083984375
2020-08-03,304.64935302734375,304.3965148925781
2020-08-04,305.7475891113281,305.572265625
2020-08-05,307.7316589355469,307.47015380859375
2020-08-06,309.8173828125,309.5253601074219
2020-08-07,310.0389404296875,309.74761962890625
2020-08-10,310.9709777832031,310.6734313964844
2020-08-11,308.3684997558594,308.1089172363281
2020-08-12,312.6690979003906,312.40472412109375
2020-08-13,312.1338195800781,311.8399658203125
2020-08-14,312.1060485839844,311.8492126464844
2020-08-17,313.1120300292969,312.8398742675781
2020-08-18,313.7765197753906,313.5156555175781
2020-08-19,312.50299072265625,312.2102355957031
2020-08-20,313.4627380371094,313.1824035644531
2020-08-21,314.5610046386719,314.2933349609375
2020-08-24,317.7910461425781,317.47821044921875
2020-08-25,318.84307861328125,318.589111328125
2020-08-26,322.0823059082031,321.78314208984375
2020-08-27,322.78375244140625,322.48663330078125
2020-08-28,324.85101318359375,324.56976318359375
2020-08-31,323.7159118652344,323.3940124511719
2020-09-01,326.7520446777344,326.43994140625
2020-09-02,331.5326232910156,331.16162109375
2020-09-03,320.0705261230469,319.76483154296875
2020-09-04,317.44964599609375,317.1540832519531
2020-09-08,308.82073974609375,308.48858642578125
2020-09-09,314.8655090332031,314.5803527832031
2020-09-10,309.36529541015625,309.11810302734375
2020-09-11,309.5128479003906,309.2754821777344
2020-09-14,313.6288757324219,313.3489685058594
2020-09-15,315.2254333496094,314.93218994140625
2020-09-16,313.9703063964844,313.68231201171875
2020-09-17,311.2755432128906,310.9234313964844
2020-09-18,307.630126953125,307.3438720703125
2020-09-21,304.2063293457031,303.92327880859375
2020-09-22,307.28875732421875,307.01849365234375
2020-09-23,300.1373596191406,299.89849853515625
2020-09-24,300.9254150390625,300.6977844238281
2020-09-25,305.8202209472656,305.5592346191406
2020-09-28,310.9005432128906,310.63433837890625
2020-09-29,309.185546875,308.9425964355469
2020-09-30,311.54949951171875,311.2850036621094
2020-10-01,313.5705261230469,313.283447265625
2020-10-02,310.61322021484375,310.30902099609375
2020-10-05,316.0364990234375,315.81170654296875
2020-10-06,311.54949951171875,311.3221130371094
2020-10-07,316.96356201171875,316.7412414550781
2020-10-08,319.81903076171875,319.54840087890625
2020-10-09,322.62799072265625,322.4020080566406
2020-10-12,327.8936767578125,327.58868408203125
2020-10-13,325.7615051269531,325.4507141113281
2020-10-14,323.7218933105469,323.4058532714844
2020-10-15,323.3232421875,323.006103515625
2020-10-16,323.0358581542969,322.8110046386719
2020-10-19,318.187255859375,317.9031066894531
2020-10-20,319.4388732910156,319.1766052246094
2020-10-21,318.8176574707031,318.5723876953125
2020-10-22,320.63470458984375,320.31982421875
2020-10-23,321.6545104980469,321.4074401855469
2020-10-26,315.74908447265625,315.4677429199219
2020-10-27,314.6737365722656,314.3802490234375
2020-10-28,303.9660949707031,303.63507080078125
2020-10-29,306.9975280761719,306.7209777832031
2020-10-30,303.7251281738281,303.5235595703125
2020-11-02,307.1923828125,306.92559814453125
2020-11-03,312.6805114746094,312.3446350097656
2020-11-04,319.5871887207031,319.3252868652344
2020-11-05,325.8355407714844,325.5530700683594
2020-11-06,325.8078308105469,325.4786682128906
2020-11-09,329.8775939941406,329.5685119628906
2020-11-10,329.4511413574219,329.0851745605469
2020-11-11,331.8243713378906,331.52984619140625
2020-11-12,328.6631164550781,328.31365966796875
2020-11-13,333.1315612792969,332.8590393066406
2020-11-16,337.266357421875,337.0139465332031
2020-11-17,335.5513000488281,335.2013244628906
2020-11-18,331.5091857910156,331.16729736328125
2020-11-19,332.8534851074219,332.56158447265625
2020-11-20,330.6192626953125,330.2843017578125
2020-11-23,332.6031494140625,332.2641296386719
2020-11-24,337.9245300292969,337.6181640625
2020-11-25,337.44244384765625,337.0976257324219
2020-11-27,338.3602294921875,338.03643798828125
2020-11-30,336.82135009765625,336.5399169921875
2020-12-01,340.52960205078125,340.22076416015625
2020-12-02,341.252685546875,340.9364929199219
2020-12-03,341.1877746582031,340.8435363769531
2020-12-04,344.1173095703125,343.78076171875
2020-12-07,343.4776916503906,343.0743103027344
2020-12-08,344.4325256347656,344.0782775878906
2020-12-09,341.41961669921875,340.9923400878906
2020-12-10,341.2341613769531,340.8807067871094
2020-12-11,340.80767822265625,340.4810485839844
2020-12-14,339.2619934082031,338.9566650390625
2020-12-15,343.8804626464844,343.5390625
2020-12-16,344.4297790527344,344.0782775878906
2020-12-17,346.3480224609375,346.0023498535156
2020-12-18,344.9792175292969,344.62078857421875
2020-12-21,343.84320068359375,343.3885803222656
2020-12-22,343.1821594238281,342.809814453125
2020-12-23,343.48004150390625,343.117919921875
2020-12-24,344.8116760253906,344.4527587890625
2020-12-28,347.80987548828125,347.41192626953125
2020-12-29,347.1394348144531,346.7491149902344
2020-12-30,347.595703125,347.24383544921875
2020-12-31,349.5418701171875,349.0081787109375
2021-01-04,344.727783203125,344.2566833496094
2021-01-05,347.00909423828125,346.6277160644531
2021-01-06,349.1042175292969,348.7001037597656
2021-01-07,354.2720947265625,353.880859375
2021-01-08,356.2926940917969,355.897216796875
2021-01-11,353.9647521972656,353.4981689453125
2021-01-12,354.0205993652344,353.5727844238281
2021-01-13,354.91455078125,354.5249938964844
2021-01-14,353.6853942871094,353.2834167480469
2021-01-15,351.1340637207031,350.7070007324219
2021-01-19,353.8809509277344,353.4608154296875
2021-01-20,358.7508239746094,358.3523254394531
2021-01-21,359.0673522949219,358.678955078125
2021-01-22,357.8476257324219,357.409423828125
2021-01-25,359.2722473144531,358.8190002441406
2021-01-26,358.74151611328125,358.2588806152344
2021-01-27,349.98876953125,349.5028381347656
2021-01-28,352.94976806640625,352.5087585449219
2021-01-29,345.93829345703125,345.45159912109375
2021-02-01,351.599609375,351.2017822265625
2021-02-02,356.5905456542969,356.16790771484375
2021-02-03,356.8699645996094,356.447998046875
2021-02-04,360.9110412597656,360.49920654296875
2021-02-05,362.326416015625,361.9180603027344
2021-02-08,365.0546875,364.5318603515625
2021-02-09,364.7474365234375,364.2891540527344
2021-02-10,364.5983581542969,364.13037109375
2021-02-11,365.2130126953125,364.71856689453125
2021-02-12,367.0379943847656,366.5201721191406
2021-02-16,366.7492980957031,366.20269775390625
2021-02-17,366.79595947265625,366.28680419921875
2021-02-18,365.2408752441406,364.72796630859375
2021-02-19,364.5518493652344,364.083740234375
2021-02-22,361.77703857421875,361.2833251953125
2021-02-23,362.1588134765625,361.72198486328125
2021-02-24,366.13482666015625,365.7080078125
2021-02-25,357.35400390625,356.8960266113281
2021-02-26,355.4825439453125,355.0571594238281
2021-03-01,364.10491943359375,363.66363525390625
2021-03-02,361.3021545410156,360.8259582519531
2021-03-03,356.4787902832031,356.0465393066406
2021-03-04,352.065185546875,351.6405334472656
2021-03-05,358.5552978515625,358.1094970703125
2021-03-08,356.8047790527344,356.3266296386719
2021-03-09,361.8329162597656,361.4140319824219
2021-03-10,364.049072265625,363.66363525390625
2021-03-11,367.7922058105469,367.3509216308594
2021-03-12,368.3695068359375,367.8456726074219
2021-03-15,370.60430908203125,370.0393371582031
2021-03-16,370.0829162597656,369.5726623535156
2021-03-17,371.2933349609375,370.83282470703125
2021-03-18,365.8740234375,365.4373779296875
2021-03-19,365.1943664550781,364.76116943359375
2021-03-22,368.0809020996094,367.6737365722656
2021-03-23,365.2130126953125,364.7799072265625
2021-03-24,363.3414001464844,362.9255065917969
2021-03-25,365.4164123535156,364.96722412109375
2021-03-26,371.3304748535156,370.84869384765625
2021-03-29,371.1435546875,370.66131591796875
2021-03-30,370.2279357910156,369.67791748046875
2021-03-31,371.6761169433594,371.1763916015625
2021-04-01,375.6560974121094,375.1846923828125
2021-04-05,381.0468444824219,380.5697937011719
2021-04-06,380.8133544921875,380.3450622558594
2021-04-07,381.28985595703125,380.7852783203125
2021-04-08,383.0649719238281,382.5927429199219
2021-04-09,385.8398132324219,385.374267578125
2021-04-12,385.9986877441406,385.51470947265625
2021-04-13,387.1290588378906,386.65728759765625
2021-04-14,385.8398132324219,385.3367919921875
2021-04-15,389.98797607421875,389.4761962890625
2021-04-16,391.3614196777344,390.7780456542969
2021-04-19,389.4461669921875,388.8581237792969
2021-04-20,386.61529541015625,386.01116943359375
2021-04-21,390.23089599609375,389.6635437011719
2021-04-22,386.7648620605469,386.10467529296875
2021-04-23,390.8194885253906,390.291015625
2021-04-26,391.69781494140625,391.1058349609375
2021-04-27,391.5762023925781,391.0215759277344
2021-04-28,391.42681884765625,390.9090881347656
2021-04-29,393.9026794433594,393.4003601074219
2021-04-30,391.3520812988281,390.81549072265625
2021-05-03,392.1929016113281,391.6584167480469
2021-05-04,389.810546875,389.24212646484375
2021-05-05,389.8665771484375,389.36395263671875
2021-05-06,393.0337829589844,392.47320556640625
2021-05-07,395.88336181640625,395.3295593261719
2021-05-10,392.0340881347656,391.4149169921875
2021-05-11,388.5398254394531,387.9216003417969
2021-05-12,380.2341613769531,379.68017578125
2021-05-13,384.7466735839844,384.24102783203125
2021-05-14,390.68865966796875,390.1412353515625
2021-05-17,389.7544860839844,389.14849853515625
2021-05-18,386.4003601074219,385.79571533203125
2021-05-19,385.35406494140625,384.78424072265625
2021-05-20,389.42742919921875,388.9237060546875
2021-05-21,389.2032470703125,388.60528564453125
2021-05-24,393.1177978515625,392.56689453125
2021-05-25,392.26763916015625,391.6958312988281
2021-05-26,392.9870910644531,392.47320556640625
2021-05-27,393.192626953125,392.6791687011719
2021-05-28,393.9400634765625,393.3816223144531
2021-06-01,393.63177490234375,393.0350646972656
2021-06-02,394.28570556640625,393.6531982421875
2021-06-03,392.781494140625,392.1921691894531
2021-06-04,396.3598937988281,395.7792053222656
2021-06-07,396.0234375,395.39520263671875
2021-06-08,396.04217529296875,395.4794616699219
2021-06-09,395.40692138671875,394.889404296875
2021-06-10,397.3230285644531,396.7250061035156
2021-06-11,397.9788513183594,397.380615234375
2021-06-14,398.9346618652344,398.2702941894531
2021-06-15,398.1569519042969,397.5398864746094
2021-06-16,395.9549865722656,395.32025146484375
2021-06-17,395.8332214355469,395.18914794921875
2021-06-18,390.5110778808594,389.8578796386719
2021-06-21,396.0205383300781,395.43902587890625
2021-06-22,397.90399169921875,397.5531311035156
2021-06-23,397.6697082519531,397.0739440917969
2021-06-24,399.9747009277344,399.4229431152344
2021-06-25,401.4457702636719,400.8416748046875
2021-06-28,402.2984924316406,401.64984130859375
2021-06-29,402.4764709472656,401.8658752441406
2021-06-30,402.8325500488281,402.2040710449219
2021-07-01,405.1094055175781,404.43109130859375
2021-07-02,408.192138671875,407.5223083496094
2021-07-06,407.15203857421875,406.77996826171875
2021-07-07,408.8199462890625,408.2175598144531
2021-07-08,405.5404052734375,404.8914489746094
2021-07-09,409.8505859375,409.2135925292969
2021-07-12,411.3685607910156,410.6793212890625
2021-07-13,409.925537109375,409.279296875
2021-07-14,410.46905517578125,409.8901062011719
2021-07-15,409.0635681152344,408.4901123046875
2021-07-16,405.9714660644531,405.2860107421875
2021-07-19,399.9091796875,399.30078125
2021-07-20,405.7091064453125,405.02294921875
2021-07-21,408.9979248046875,408.3021545410156
2021-07-22,409.88812255859375,409.15716552734375
2021-07-23,413.9264831542969,413.3665466308594
2021-07-26,415.0321960449219,414.3813781738281
2021-07-27,413.13946533203125,412.49273681640625
2021-07-28,412.9145812988281,412.3236999511719
2021-07-29,414.7510986328125,414.03369140625
2021-07-30,412.65228271484375,412.02301025390625
2021-08-02,411.81829833984375,411.1585388183594
2021-08-03,415.1071472167969,414.5034484863281
2021-08-04,413.1300964355469,412.464599609375
2021-08-05,415.6974792480469,415.0766906738281
2021-08-06,416.4189147949219,415.7625427246094
2021-08-09,416.12841796875,415.4242858886719
2021-08-10,416.61572265625,415.9410705566406
2021-08-11,417.5995178222656,416.9746398925781
2021-08-12,418.5740051269531,418.22430419921875
2021-08-13,419.6329040527344,418.9853820800781
2021-08-16,420.7104187011719,419.9719543457031
2021-08-17,417.8526306152344,417.21893310546875
2021-08-18,413.3455810546875,412.6524963378906
2021-08-19,413.9547119140625,413.2914123535156
2021-08-20,417.2528076171875,416.5799865722656
2021-08-23,420.8883972167969,420.244384765625
2021-08-24,421.6192626953125,420.91156005859375
2021-08-25,422.50006103515625,421.79473876953125
2021-08-26,420.0076599121094,419.3048400878906
2021-08-27,423.6993713378906,423.0538330078125
2021-08-30,425.5827331542969,424.91424560546875
2021-08-31,425.12359619140625,424.2846984863281
2021-09-01,425.3110656738281,424.5101623535156
2021-09-02,426.5852966308594,425.8162841796875
2021-09-03,426.3979797363281,425.712890625
2021-09-07,425.0206298828125,424.1907653808594
2021-09-08,424.4583435058594,423.6739196777344
2021-09-09,422.565673828125,421.86053466796875
2021-09-10,419.3423767089844,418.5343322753906
2021-09-13,420.3168640136719,419.60546875
2021-09-14,418.07745361328125,417.3410949707031
2021-09-15,421.5537109375,420.8270263671875
2021-09-16,420.7666320800781,420.1598815917969
2021-09-17,416.70947265625,416.0670471191406
2021-09-20,409.6819763183594,409.1294860839844
2021-09-21,409.4477233886719,408.7430114746094
2021-09-22,413.4862060546875,412.7302551269531
2021-09-23,418.4428405761719,417.744873046875
2021-09-24,419.2450866699219,418.4330139160156
2021-09-27,417.9283447265625,417.2359619140625
2021-09-28,409.5856018066406,408.8278503417969
2021-09-29,410.2909851074219,409.5158996582031
2021-09-30,405.21197509765625,404.5107421875
2021-10-01,410.0370788574219,409.3180236816406
2021-10-04,404.71343994140625,404.0394287109375
2021-10-05,408.9554138183594,408.2434387207031
2021-10-06,410.695556640625,409.9400634765625
2021-10-07,414.1002502441406,413.4842834472656
2021-10-08,413.4888916015625,412.7302551269531
2021-10-11,410.4038391113281,409.7421875
2021-10-12,409.3692932128906,408.73358154296875
2021-10-13,410.8271179199219,410.2041015625
2021-10-14,417.862548828125,417.10394287109375
2021-10-15,421.06982421875,420.2805480957031
2021-10-18,422.2925720214844,421.5248107910156
2021-10-19,425.61273193359375,424.77679443359375
2021-10-20,427.24932861328125,426.4452209472656
2021-10-21,428.3592529296875,427.5574645996094
2021-10-22,427.8418273925781,427.11444091796875
2021-10-25,430.08038330078125,429.4049987792969
2021-10-26,430.5694885253906,429.7913818359375
2021-10-27,428.6507873535156,427.88739013671875
2021-10-28,432.7704772949219,432.0160217285156
2021-10-29,433.5886535644531,432.892578125
2021-11-01,434.48223876953125,433.6373596191406
2021-11-02,436.1941223144531,435.3905029296875
2021-11-03,438.8746337890625,438.0486755371094
2021-11-04,440.8873596191406,440.1130676269531
2021-11-05,442.4393615722656,441.6400451660156
2021-11-08,442.90032958984375,442.01708984375
2021-11-09,441.3576965332031,440.5560302734375
2021-11-10,437.8681640625,437.0118103027344
2021-11-11,438.0469970703125,437.1531677246094
2021-11-12,441.2731018066406,440.45233154296875
2021-11-15,441.38592529296875,440.60321044921875
2021-11-16,443.144775390625,442.3469543457031
2021-11-17,442.1007995605469,441.2724914550781
2021-11-18,443.55865478515625,442.7712097167969
2021-11-19,442.8344421386719,441.9794006347656
2021-11-22,441.50823974609375,440.7350769042969
2021-11-23,442.1195983886719,441.319580078125
2021-11-24,443.2670593261719,442.49774169921875
2021-11-26,433.24072265625,432.6288146972656
2021-11-29,438.77117919921875,437.935546875
2021-11-30,430.4283752441406,429.4144592285156
2021-12-01,425.4057922363281,424.64483642578125
2021-12-02,431.96148681640625,431.1487731933594
2021-12-03,428.08642578125,427.3972473144531
2021-12-06,433.24072265625,432.4589538574219
2021-12-07,442.2418212890625,441.4043884277344
2021-12-08,443.4081726074219,442.5732116699219
2021-12-09,440.41717529296875,439.58514404296875
2021-12-10,444.6402893066406,443.72314453125
2021-12-13,440.70379638671875,439.7925109863281
2021-12-14,437.59002685546875,436.7666931152344
2021-12-15,444.4685363769531,443.5911560058594
2021-12-16,440.39239501953125,439.67938232421875
2021-12-17,436.02374267578125,434.9999694824219
2021-12-20,431.1267395019531,430.3744201660156
2021-12-21,438.8072509765625,438.0174255371094
2021-12-22,443.2325134277344,442.3970947265625
2021-12-23,445.94989013671875,445.1496276855469
2021-12-27,452.3377380371094,451.449462890625
2021-12-28,451.9886169433594,451.0806579589844
2021-12-29,452.4603576660156,451.6575927734375
2021-12-30,451.1866149902344,450.408935546875
2021-12-31,450.0638122558594,449.27386474609375
2022-01-03,452.7529296875,451.8751220703125
2022-01-04,452.60198974609375,451.7237548828125
2022-01-05,443.77978515625,443.0497131347656
2022-01-06,443.449462890625,442.633544921875
2022-01-07,441.6756896972656,440.883544921875
2022-01-10,440.84527587890625,440.3349304199219
2022-01-11,445.19512939453125,444.3456115722656
2022-01-12,446.37445068359375,445.54693603515625
2022-01-13,440.2508850097656,439.407958984375
2022-01-14,440.40185546875,439.5877380371094
2022-01-18,432.6175842285156,431.80267333984375
2022-01-19,428.1451416015625,427.319091796875
2022-01-20,423.3896179199219,422.5894775390625
2022-01-21,415.1429748535156,414.2937927246094
2022-01-24,416.5960693359375,416.05316162109375
2022-01-25,411.8028564453125,410.9736328125
2022-01-26,410.8498229980469,409.9425354003906
2022-01-27,408.7080383300781,407.91827392578125
2022-01-28,418.7001953125,418.049072265625
2022-01-31,426.26751708984375,425.57861328125
2022-02-01,429.2114562988281,428.4542541503906
2022-02-02,433.3346862792969,432.6162109375
2022-02-03,423.2764892578125,422.4476013183594
2022-02-04,425.3994445800781,424.43408203125
2022-02-07,423.88970947265625,423.07196044921875
2022-02-08,427.25823974609375,426.5528869628906
2022-02-09,433.56109619140625,432.7958984375
2022-02-10,425.8995056152344,425.0204772949219
2022-02-11,417.37921142578125,416.6396484375
2022-02-14,416.0205993652344,415.277587890625
2022-02-15,422.7103271484375,421.9747009277344
2022-02-16,423.1915283203125,422.4476013183594
2022-02-17,414.3126220703125,413.4235534667969
2022-02-18,411.4537658691406,410.74658203125
2022-02-22,406.9907531738281,406.338623046875
2022-02-23,399.574462890625,399.1307067871094
2022-02-24,405.8584899902344,405.1372375488281
2022-02-25,414.7939147949219,414.07623291015625
2022-02-28,413.95416259765625,413.0167541503906
2022-03-01,407.5380554199219,406.7263488769531
2022-03-02,414.9731750488281,414.2086486816406
2022-03-03,412.9822692871094,412.1465759277344
2022-03-04,409.45343017578125,408.7980041503906
2022-03-07,397.42315673828125,396.7469482421875
2022-03-08,394.4604187011719,393.73895263671875
2022-03-09,405.0753173828125,404.2954406738281
2022-03-10,403.2165222167969,402.46978759765625
2022-03-11,398.1874084472656,397.3524475097656
2022-03-14,395.17755126953125,394.4483642578125
2022-03-15,403.87701416015625,403.1225280761719
2022-03-16,412.82183837890625,412.0613708496094
2022-03-17,417.9548034667969,417.2167053222656
2022-03-18,422.42724609375,421.786376953125
2022-03-21,422.3422546386719,421.66302490234375
2022-03-22,427.49407958984375,426.5970764160156
2022-03-23,422.1347351074219,421.1031799316406
2022-03-24,428.2418212890625,427.4510803222656
2022-03-25,430.40020751953125,429.53851318359375
2022-03-28,433.420166015625,432.5939025878906
2022-03-29,438.94879150390625,437.94537353515625
2022-03-30,436.2223815917969,435.2412414550781
2022-03-31,429.5008544921875,428.5422058105469
2022-04-01,430.54229736328125,429.7567443847656
2022-04-04,434.3384094238281,433.4383239746094
2022-04-05,428.74359130859375,427.96343994140625
2022-04-06,424.57806396484375,423.68408203125
2022-04-07,426.6797790527344,425.8190612792969
2022-04-08,425.543701171875,424.6803894042969
2022-04-11,418.18792724609375,417.421630859375
2022-04-12,416.588134765625,415.8749694824219
2022-04-13,421.46356201171875,420.63824462890625
2022-04-14,416.2567443847656,415.4005432128906
2022-04-18,416.4082946777344,415.5713195800781
2022-04-19,423.1297607421875,422.27978515625
2022-04-20,422.7510070800781,421.9666442871094
2022-04-21,416.6259765625,415.6567077636719
2022-04-22,404.97235107421875,404.25152587890625
2022-04-25,407.4715270996094,406.59515380859375
2022-04-26,395.6095886230469,394.8197937011719
2022-04-27,396.8024597167969,395.9300231933594
2022-04-28,406.77093505859375,405.9309387207031
2022-04-29,391.5104675292969,390.929443359375
2022-05-02,394.0286865234375,393.28265380859375
2022-05-03,395.855712890625,395.08551025390625
2022-05-04,407.77447509765625,407.11700439453125
2022-05-05,393.2996520996094,392.64691162109375
2022-05-06,391.1790771484375,390.30322265625
2022-05-09,378.5977783203125,377.80682373046875
2022-05-10,379.3455810546875,378.6796875
2022-05-11,373.3625183105469,372.6640319824219
2022-05-12,372.8134460449219,372.27496337890625
2022-05-13,381.90167236328125,381.1752624511719
2022-05-16,380.292236328125,379.62860107421875
2022-05-17,388.1686096191406,387.4377136230469
2022-05-18,372.5767822265625,371.81951904296875
2022-05-19,370.2479553222656,369.54229736328125
2022-05-20,370.43731689453125,369.7035217285156
2022-05-23,377.3575134277344,376.6207275390625
2022-05-24,374.6500244140625,373.7456359863281
2022-05-25,377.9634094238281,377.0476989746094
2022-05-26,385.3569641113281,384.58160400390625
2022-05-27,395.0037536621094,394.02276611328125
2022-05-31,392.75067138671875,391.81195068359375
2022-06-01,389.5697326660156,388.64276123046875
2022-06-02,396.90655517578125,396.0437927246094
2022-06-03,390.39337158203125,389.5441589355469
2022-06-06,391.5672302246094,390.73028564453125
2022-06-07,395.2025451660156,394.4782409667969
2022-06-08,390.9234924316406,390.1893615722656
2022-06-09,381.7434387207031,380.9095458984375
2022-06-10,370.48077392578125,369.8648681640625
2022-06-13,356.23626708984375,355.8218078613281
2022-06-14,355.2865905761719,354.7495422363281
2022-06-15,360.34814453125,359.8069763183594
2022-06-16,348.5062561035156,347.8988037109375
2022-06-17,349.1424560546875,348.6487731933594
2022-06-21,358.02154541015625,357.425537109375
2022-06-22,357.404296875,356.77752685546875
2022-06-23,360.98443603515625,360.2748718261719
2022-06-24,372.256591796875,371.7294006347656
2022-06-27,370.90814208984375,370.30950927734375
2022-06-28,363.3394775390625,362.7429504394531
2022-06-29,363.0830993652344,362.447509765625
2022-06-30,360.0537109375,359.5029602050781
2022-07-01,363.79534912109375,363.30523681640625
2022-07-05,364.57403564453125,363.9913635253906
2022-07-06,365.875,365.2207336425781
2022-07-07,371.2974548339844,370.690673828125
2022-07-08,371.0030212402344,370.3857421875
2022-07-11,366.7772216796875,366.15460205078125
2022-07-12,363.48199462890625,362.9144592285156
2022-07-13,361.6206970214844,361.0086364746094
2022-07-14,360.7470397949219,360.1319274902344
2022-07-15,367.63189697265625,367.0122375488281
2022-07-18,364.65948486328125,363.9818115234375
2022-07-19,374.45965576171875,373.8163757324219
2022-07-20,376.77685546875,376.19879150390625
2022-07-21,380.6228332519531,380.0296630859375
2022-07-22,377.2325744628906,376.5037536621094
2022-07-25,377.6219787597656,376.9610900878906
2022-07-26,373.13970947265625,372.5013427734375
2022-07-27,382.78802490234375,382.17376708984375
2022-07-28,387.6500549316406,386.9672546386719
2022-07-29,393.4144287109375,392.608642578125
2022-08-01,392.1513977050781,391.4460754394531
2022-08-02,389.6538391113281,388.863525390625
2022-08-03,395.73150634765625,394.9529724121094
2022-08-04,395.3517150878906,394.6861267089844
2022-08-05,394.6584167480469,394.0190734863281
2022-08-08,394.31658935546875,393.56158447265625
2022-08-09,392.6642150878906,391.9988098144531
2022-08-10,400.8880615234375,400.2322998046875
2022-08-11,401.03045654296875,400.2322998046875
2022-08-12,407.6304016113281,407.0079040527344
2022-08-15,409.42523193359375,408.6850280761719
2022-08-16,410.2799377441406,409.48553466796875
2022-08-17,407.193603515625,406.5789794921875
2022-08-18,408.39019775390625,407.7607116699219
2022-08-19,402.9866638183594,402.28118896484375
2022-08-22,394.53497314453125,393.9046936035156
2022-08-23,393.6612854003906,392.95172119140625
2022-08-24,394.8863525390625,394.20965576171875
2022-08-25,400.4512023925781,399.7749328613281
2022-08-26,386.7669372558594,386.2428894042969
2022-08-29,384.44036865234375,383.6889953613281
2022-08-30,380.0340881347656,379.4768981933594
2022-08-31,377.1756286621094,376.5895080566406
2022-09-01,378.4671936035156,377.7711486816406
2022-09-02,374.421630859375,373.7877502441406
2022-09-06,372.9308166503906,372.3774108886719
2022-09-07,379.68267822265625,379.06719970703125
2022-09-08,382.0758056640625,381.54486083984375
2022-09-09,388.1724548339844,387.47222900390625
2022-09-12,392.36029052734375,391.63665771484375
2022-09-13,375.2384033203125,374.60736083984375
2022-09-14,376.67236328125,376.0367126464844
2022-09-15,372.3230285644531,371.7675476074219
2022-09-16,369.5025939941406,368.931396484375
2022-09-19,372.3800354003906,371.7923889160156
2022-09-20,368.0022277832031,367.5247497558594
2022-09-21,361.7251281738281,361.1136474609375
2022-09-22,358.6672668457031,358.0804138183594
2022-09-23,352.7131652832031,352.0808410644531
2022-09-26,349.23486328125,348.5977783203125
2022-09-27,348.33746337890625,347.7079162597656
2022-09-28,355.10516357421875,354.5495910644531
2022-09-29,347.802978515625,347.1434020996094
2022-09-30,342.3431091308594,341.7752990722656
2022-10-03,351.401611328125,350.7986145019531
2022-10-04,362.1591796875,361.66864013671875
2022-10-05,361.3096008300781,360.8266296386719
2022-10-06,357.73968505859375,357.10443115234375
2022-10-07,347.7647705078125,347.1434020996094
2022-10-10,345.177978515625,344.4928283691406
2022-10-11,342.81072998046875,342.3111877441406
2022-10-12,341.7034606933594,341.1820373535156
2022-10-13,350.8002014160156,350.1861877441406
2022-10-14,342.7630920410156,342.20587158203125
2022-10-17,351.5829772949219,350.9996032714844
2022-10-18,355.611083984375,355.1236877441406
2022-10-19,353.2724609375,352.6070556640625
2022-10-20,350.26568603515625,349.6503601074219
2022-10-21,358.7228698730469,358.1473693847656
2022-10-24,363.1327819824219,362.5298767089844
2022-10-25,368.96502685546875,368.3189697265625
2022-10-26,366.1777648925781,365.54400634765625
2022-10-27,364.2304992675781,363.5920104980469
2022-10-28,372.7735290527344,372.2420959472656
2022-10-31,370.1581726074219,369.55328369140625
2022-11-01,368.68817138671875,367.9361877441406
2022-11-02,359.23822021484375,358.7023620605469
2022-11-03,355.63018798828125,355.0088806152344
2022-11-04,360.6605529785156,360.1185607910156
2022-11-07,364.1827392578125,363.5633239746094
2022-11-08,366.15863037109375,365.5248718261719
2022-11-09,358.6846618652344,357.99432373046875
2022-11-10,378.32891845703125,377.6675720214844
2022-11-11,381.9752197265625,381.32281494140625
2022-11-14,378.7680358886719,378.0790710449219
2022-11-15,381.9847717285156,381.30364990234375
2022-11-16,379.1783752441406,378.39483642578125
2022-11-17,377.8994140625,377.2369384765625
2022-11-18,379.6939392089844,378.9497375488281
2022-11-21,378.2430114746094,377.5718078613281
2022-11-22,383.4547119140625,382.65289306640625
2022-11-23,385.74560546875,385.06414794921875
2022-11-25,385.71697998046875,384.97802734375
2022-11-28,379.6080017089844,378.8349304199219
2022-11-29,378.95892333984375,378.1842956542969
2022-11-30,390.709228515625,390.09735107421875
2022-12-01,390.5469055175781,389.810302734375
2022-12-02,390.126953125,389.3605041503906
2022-12-05,383.10162353515625,382.35626220703125
2022-12-06,377.62249755859375,376.8445739746094
2022-12-07,376.8970947265625,376.2035827636719
2022-12-08,379.8561706542969,379.1507263183594
2022-12-09,377.0498046875,376.3183288574219
2022-12-12,382.3379821777344,381.7438049316406
2022-12-13,385.390380859375,384.6335754394531
2022-12-14,383.0799560546875,382.1744384765625
2022-12-15,373.5892639160156,372.8258361816406
2022-12-16,369.02606201171875,368.4241027832031
2022-12-19,365.958251953125,365.3000183105469
2022-12-20,366.380126953125,365.7999572753906
2022-12-21,371.8445129394531,371.26953125
2022-12-22,366.78277587890625,365.9729919433594
2022-12-23,368.69049072265625,368.078125
2022-12-27,367.27166748046875,366.6265869140625
2022-12-28,362.81390380859375,362.07025146484375
2022-12-29,369.09307861328125,368.5875549316406
2022-12-30,368.3262023925781,367.6167297363281
2023-01-03,366.7156677246094,366.0691223144531
2023-01-04,369.57244873046875,368.89520263671875
2023-01-05,365.3735656738281,364.6848449707031
2023-01-06,373.7138671875,373.0478515625
2023-01-09,373.455078125,372.8363342285156
2023-01-10,376.1392822265625,375.45098876953125
2023-01-11,380.82708740234375,380.1996154785156
2023-01-12,382.3130798339844,381.58392333984375
2023-01-13,383.818115234375,383.0642395019531
2023-01-17,383.1087646484375,382.36248779296875
2023-01-18,377.0691833496094,376.3257141113281
2023-01-19,374.38494873046875,373.586181640625
2023-01-20,381.258544921875,380.5457458496094
2023-01-23,385.7834167480469,385.1117858886719
2023-01-24,385.5245666503906,384.6983642578125
2023-01-25,385.5916748046875,384.84259033203125
2023-01-26,389.8289489746094,389.0721740722656
2023-01-27,390.7971496582031,389.96612548828125
2023-01-30,385.8313293457031,385.0732421875
2023-01-31,391.429931640625,390.7351379394531
2023-02-01,395.60968017578125,394.8877868652344
2023-02-02,401.3520202636719,400.6361999511719
2023-02-03,397.2201843261719,396.3777770996094
2023-02-06,394.775634765625,393.9553527832031
2023-02-07,399.8757019042969,399.1077575683594
2023-02-08,395.5137939453125,394.74359130859375
2023-02-09,392.15850830078125,391.321533203125
2023-02-10,393.01165771484375,392.2347412109375
2023-02-13,397.6324768066406,396.8392028808594
2023-02-14,397.4215393066406,396.65655517578125
2023-02-15,398.6869201660156,397.9446105957031
2023-02-16,393.3184509277344,392.4654541015625
2023-02-17,392.2255554199219,391.4848937988281
2023-02-21,384.4508056640625,383.63140869140625
2023-02-22,383.7989807128906,383.10272216796875
2023-02-23,385.8217468261719,385.1405944824219
2023-02-24,381.6515197753906,381.0263366699219
2023-02-27,382.984130859375,382.3240966796875
2023-02-28,381.517333984375,380.9110107421875
2023-03-01,380.1560363769531,379.44989013671875
2023-03-02,383.1471252441406,382.40093994140625
2023-03-03,389.2920837402344,388.5338439941406
2023-03-06,389.7331237792969,388.8030090332031
2023-03-07,383.5881042480469,382.8431701660156
2023-03-08,384.2591247558594,383.4679260253906
2023-03-09,377.1459045410156,376.3930969238281
2023-03-10,371.8445129394531,370.9619445800781
2023-03-13,371.0679626464844,370.4332275390625
2023-03-14,377.308837890625,376.5564880371094
2023-03-15,374.9888916015625,374.2013854980469
2023-03-16,381.4407043457031,380.7668151855469
2023-03-17,376.9158020019531,376.31463623046875
2023-03-20,380.65460205078125,379.93310546875
2023-03-21,385.6012878417969,384.92181396484375
2023-03-22,379.139892578125,378.3602600097656
2023-03-23,380.1006164550781,379.38311767578125
2023-03-24,382.61322021484375,381.87261962890625
2023-03-27,383.2774963378906,382.5867004394531
2023-03-28,382.56512451171875,381.7278747558594
2023-03-29,388.1003723144531,387.2762451171875
2023-03-30,390.2568054199219,389.5439147949219
2023-03-31,395.7344055175781,395.0343933105469
2023-04-03,397.1399230957031,396.5396423339844
2023-04-04,395.10870361328125,394.339599609375
2023-04-05,394.1748352050781,393.30712890625
2023-04-06,395.6669921875,394.8413391113281
2023-04-10,396.11944580078125,395.2466125488281
2023-04-11,396.10980224609375,395.352783203125
2023-04-12,394.6273193359375,393.7413024902344
2023-04-13,399.7679748535156,398.97125244140625
2023-04-14,398.7861328125,397.9966735839844
2023-04-17,400.2589416503906,399.4247741699219
2023-04-18,400.489990234375,399.685302734375
2023-04-19,400.4610900878906,399.6177978515625
2023-04-20,398.21807861328125,397.43701171875
2023-04-21,398.4394836425781,397.74578857421875
2023-04-24,398.9400939941406,398.1607360839844
2023-04-25,392.6056823730469,391.84039306640625
2023-04-26,391.0076599121094,390.1806945800781
2023-04-27,398.766845703125,397.948486328125
2023-04-28,402.0687561035156,401.34503173828125
2023-05-01,401.7799377441406,400.9397277832031
2023-05-02,397.2843017578125,396.4335021972656
2023-05-03,394.4251403808594,393.71240234375
2023-05-04,391.6719055175781,390.9237365722656
2023-05-05,398.8341979980469,398.1607360839844
2023-05-08,399.04595947265625,398.2668762207031
2023-05-09,397.4190368652344,396.52032470703125
2023-05-10,399.0941162109375,398.3730163574219
2023-05-11,398.4972839355469,397.6782531738281
2023-05-12,397.9774169921875,397.15716552734375
2023-05-15,399.2962951660156,398.52740478515625
2023-05-16,396.62969970703125,395.8641662597656
2023-05-17,401.4430236816406,400.6695251464844
2023-05-18,405.33221435546875,404.52923583984375
2023-05-19,404.7449645996094,403.9406433105469
2023-05-22,404.8605041503906,404.104736328125
2023-05-23,400.4322814941406,399.56951904296875
2023-05-24,397.4286804199219,396.67474365234375
2023-05-25,400.9328308105469,400.10992431640625
2023-05-26,406.1986083984375,405.2916259765625
2023-05-30,406.27557373046875,405.4460144042969
2023-05-31,403.7726745605469,403.1977233886719
2023-06-01,407.931396484375,407.02850341796875
2023-06-02,413.7459716796875,412.9145812988281
2023-06-05,413.0335388183594,412.1232604980469
2023-06-06,413.90960693359375,413.020751953125
2023-06-07,412.5469970703125,411.59259033203125
2023-06-08,414.9322509765625,414.0821533203125
2023-06-09,415.7627868652344,414.82513427734375
2023-06-12,419.5385437011719,418.58831787109375
2023-06-13,422.28106689453125,421.34814453125
2023-06-14,422.7735290527344,421.8498229980469
2023-06-15,427.99786376953125,427.0798034667969
2023-06-16,426.47210693359375,425.62506103515625
2023-06-20,424.453857421875,423.4168701171875
2023-06-21,422.2134704589844,421.2474060058594
2023-06-22,423.7392272949219,422.7679443359375
2023-06-23,420.513916015625,419.57183837890625
2023-06-26,418.73699951171875,417.85760498046875
2023-06-27,423.372314453125,422.4386901855469
2023-06-28,423.5074462890625,422.6517639160156
2023-06-29,425.19744873046875,424.3175964355469
2023-06-30,430.41204833984375,429.3247985839844
2023-07-03,431.03009033203125,429.8187561035156
2023-07-05,430.2864990234375,429.1795959472656
2023-07-06,426.76177978515625,425.8188171386719
2023-07-07,425.6705627441406,424.7437438964844
2023-07-10,426.8004455566406,425.8188171386719
2023-07-11,429.66851806640625,428.5306396484375
2023-07-12,432.8938903808594,431.9785461425781
2023-07-13,436.58270263671875,435.40716552734375
2023-07-14,436.1481628417969,435.13592529296875
2023-07-17,437.7705078125,436.64678955078125
2023-07-18,440.9476013183594,439.891357421875
2023-07-19,441.7587585449219,440.8695373535156
2023-07-20,439.00653076171875,437.9446105957031
2023-07-21,438.9969177246094,437.9446105957031
2023-07-24,440.9378967285156,439.90106201171875
2023-07-25,442.125732421875,441.1019287109375
2023-07-26,442.1643981933594,441.1697998046875
2023-07-27,439.3059997558594,438.2449035644531
2023-07-28,443.4583435058594,442.535400390625
2023-07-31,444.3854064941406,443.3780212402344
2023-08-01,443.1493225097656,442.1092834472656
2023-08-02,436.9593200683594,435.9591979980469
2023-08-03,435.7039489746094,434.7097473144531
2023-08-04,433.67608642578125,432.7436828613281
2023-08-07,437.5097351074219,436.5209045410156
2023-08-08,435.67498779296875,434.6225891113281
2023-08-09,432.72967529296875,431.717041015625
2023-08-10,432.9228210449219,431.8719787597656
2023-08-11,432.6621398925781,431.62017822265625
2023-08-14,434.979736328125,434.0027770996094
2023-08-15,430.05474853515625,428.9471130371094
2023-08-16,426.83905029296875,425.7994689941406
2023-08-17,423.55572509765625,422.5549621582031
2023-08-18,423.63299560546875,422.7582702636719
2023-08-21,426.4914245605469,425.5088806152344
2023-08-22,425.274658203125,424.35638427734375
2023-08-23,429.9678649902344,429.082763671875
2023-08-24,424.1931457519531,423.13604736328125
2023-08-25,427.225341796875,426.1189880371094
2023-08-28,429.80364990234375,428.82122802734375
2023-08-29,436.01300048828125,435.0196838378906
2023-08-30,437.92498779296875,436.8115234375
2023-08-31,437.1524658203125,436.17230224609375
2023-09-01,438.0795593261719,436.9858093261719
2023-09-05,436.19647216796875,435.0971374511719
2023-09-06,433.1641845703125,432.17230224609375
2023-09-07,431.966796875,430.84539794921875
2023-09-08,432.4979553222656,431.4942626953125
2023-09-11,435.42388916015625,434.33209228515625
2023-09-12,433.06768798828125,431.9494323730469
2023-09-13,433.4732971191406,432.453125
2023-09-14,437.3456726074219,436.18194580078125
2023-09-15,431.7060852050781,430.9266662597656
2023-09-18,432.4496154785156,431.1794128417969
2023-09-19,431.4840087890625,430.2851867675781
2023-09-20,427.39910888671875,426.3294372558594
2023-09-21,420.3979797363281,419.28289794921875
2023-09-22,419.3936767578125,418.3401184082031
2023-09-25,421.13189697265625,420.0993347167969
2023-09-26,414.9688720703125,413.9275207519531
2023-09-27,415.0755615234375,414.0927734375
2023-09-28,417.5008239746094,416.49346923828125
2023-09-29,416.58892822265625,415.48260498046875
2023-10-02,416.44342041015625,415.31744384765625
2023-10-03,410.89447021484375,409.7579345703125
2023-10-04,413.8047180175781,412.7417907714844
2023-10-05,413.6106872558594,412.5862731933594
2023-10-06,418.470947265625,417.4847717285156
2023-10-09,421.2259826660156,420.1576843261719
2023-10-10,423.4280700683594,422.3445129394531
2023-10-11,425.2227478027344,424.07452392578125
2023-10-12,422.67144775390625,421.48919677734375
2023-10-13,420.4499206542969,419.3898010253906
2023-10-16,424.8250427246094,423.8023986816406
2023-10-17,424.9511413574219,423.782958984375
2023-10-18,419.3828430175781,418.1360778808594
2023-10-19,415.580078125,414.46209716796875
2023-10-20,410.4676818847656,409.36920166015625
2023-10-23,409.749755859375,408.65960693359375
2023-10-24,412.83465576171875,411.74066162109375
2023-10-25,406.9655456542969,405.831298828125
2023-10-26,402.0569152832031,400.9716491699219
2023-10-27,400.2136535644531,399.15411376953125
2023-10-30,404.9671630859375,403.92633056640625
2023-10-31,407.3827209472656,406.463134765625
2023-11-01,411.83538818359375,410.79791259765625
2023-11-02,419.7709045410156,418.67059326171875
2023-11-03,423.5348205566406,422.49029541015625
2023-11-06,424.5534973144531,423.462158203125
2023-11-07,425.6787109375,424.66741943359375
2023-11-08,426.02801513671875,424.97845458984375
2023-11-09,422.81695556640625,421.66412353515625
2023-11-10,429.4330749511719,428.244140625
2023-11-13,428.9382629394531,427.8359680175781
2023-11-14,437.3489990234375,436.13623046875
2023-11-15,438.2318420410156,437.0595397949219
2023-11-16,438.7750549316406,437.5941162109375
2023-11-17,439.24072265625,438.1384582519531
2023-11-20,442.7718811035156,441.51104736328125
2023-11-21,441.75323486328125,440.5487976074219
2023-11-22,443.4315185546875,442.24969482421875
2023-11-24,443.7613525390625,442.5218505859375
2023-11-27,442.9367980957031,441.72491455078125
2023-11-28,443.31512451171875,442.1622009277344
2023-11-29,443.1114196777344,441.8511962890625
2023-11-30,444.7120666503906,443.5909729003906
2023-12-01,447.34100341796875,446.2152099609375
2023-12-04,445.12921142578125,443.8728332519531
2023-12-05,445.0321960449219,443.785400390625
2023-12-06,443.18902587890625,441.9970397949219
2023-12-07,446.5940246582031,445.36962890625
2023-12-08,448.5245361328125,447.28436279296875
2023-12-11,450.27069091796875,449.02410888671875
2023-12-12,452.501953125,451.0748596191406
2023-12-13,458.70086669921875,457.2952880859375
2023-12-14,460.13665771484375,458.76287841796875
2023-12-15,459.36053466796875,458.00750732421875
2023-12-18,461.9118957519531,460.5838623046875
2023-12-19,464.57958984375,463.3846435546875
2023-12-20,457.92230224609375,456.96337890625
2023-12-21,462.5683288574219,461.2962646484375
2023-12-22,463.4547119140625,462.2233581542969
2023-12-26,465.45135498046875,464.1750793457031
2023-12-27,466.33770751953125,465.01434326171875
2023-12-28,466.5520324707031,465.18994140625
2023-12-29,465.2176208496094,463.8432922363281
2024-01-02,462.5488586425781,461.2474670410156
2024-01-03,458.7696838378906,457.4805603027344
2024-01-04,457.35736083984375,456.0069580078125
2024-01-05,457.9028015136719,456.631591796875
2024-01-08,464.2046203613281,463.150390625
2024-01-09,463.7663879394531,462.4477844238281
2024-01-10,466.366943359375,465.0631408691406
2024-01-11,466.1136779785156,464.8582458496094
2024-01-12,466.5130920410156,465.18017578125
2024-01-16,464.89617919921875,463.47247314453125
2024-01-17,462.2858581542969,460.8960876464844
2024-01-18,466.2500915527344,464.99481201171875
2024-01-19,472.08441162109375,470.79150390625
2024-01-22,473.10711669921875,471.7868957519531
2024-01-23,474.577880859375,473.16290283203125
2024-01-24,474.938232421875,473.68011474609375
2024-01-25,477.5875549316406,476.25640869140625
2024-01-26,477.0908203125,475.6513671875
2024-01-29,480.8407897949219,479.4182434082031
2024-01-30,480.4803771972656,479.0474548339844
2024-01-31,472.5909118652344,471.2306823730469
2024-02-01,478.863525390625,477.398193359375
2024-02-02,483.8017272949219,482.4239501953125
2024-02-05,482.1849060058594,480.6673583984375
2024-02-06,483.4901123046875,482.0628967285156
2024-02-07,487.4154052734375,486.08343505859375
2024-02-08,487.73681640625,486.29815673828125
2024-02-09,490.5614013671875,489.10870361328125
2024-02-12,490.29840087890625,488.89398193359375
2024-02-13,483.714111328125,482.1604309082031
2024-02-14,488.0290222167969,486.5421142578125
2024-02-15,491.2432556152344,489.899169921875
2024-02-16,488.9056396484375,487.4594421386719
2024-02-20,486.1881103515625,484.7758483886719
2024-02-21,486.62646484375,485.21502685546875
2024-02-22,496.79510498046875,495.2566833496094
2024-02-23,497.0775451660156,495.5982666015625
2024-02-26,495.2074890136719,493.7831115722656
2024-02-27,496.0840759277344,494.700439453125
2024-02-28,495.4607238769531,494.046630859375
2024-02-29,497.1847839355469,495.8227233886719
2024-03-01,501.996337890625,500.4776306152344
2024-03-04,501.4022216796875,499.9409484863281
2024-03-05,496.3372802734375,494.9444580078125
2024-03-06,499.025634765625,497.452392578125
2024-03-07,503.98333740234375,502.3902893066406
2024-03-08,500.92486572265625,499.3749084472656
2024-03-11,500.681396484375,498.945556640625
2024-03-12,505.9021301269531,504.3128356933594
2024-03-13,505.09368896484375,503.5223693847656
2024-03-14,503.9930725097656,502.5270080566406
2024-03-15,499.8924560546875,499.07635498046875
2024-03-18,503.4183654785156,502.04241943359375
2024-03-19,506.33074951171875,504.8323059082031
2024-03-20,511.03515625,509.50164794921875
2024-03-21,512.61328125,511.1854248046875
2024-03-22,511.9292297363281,510.2163391113281
2024-03-25,510.3267822265625,508.80670166015625
2024-03-26,509.2519226074219,507.8669128417969
2024-03-27,513.6880493164062,512.1349487304688
2024-03-28,513.69775390625,512.037109375
2024-04-01,512.8673095703125,511.1462097167969
2024-04-02,509.5157165527344,507.8963317871094
2024-04-03,510.0824890136719,508.45428466796875
2024-04-04,503.8094177246094,502.2480163574219
2024-04-05,509.0662536621094,507.4949035644531
2024-04-08,509.2030334472656,507.77880859375
2024-04-09,509.8382263183594,508.36614990234375
2024-04-10,504.8940124511719,503.27587890625
2024-04-11,508.6754150390625,507.0740051269531
2024-04-12,501.56207275390625,500.0747985839844
2024-04-15,495.3476257324219,493.809814453125
2024-04-16,494.39984130859375,492.9091796875
2024-04-17,491.5270690917969,489.9920654296875
2024-04-18,490.3936462402344,488.9837951660156
2024-04-19,486.1431884765625,484.7157897949219
2024-04-22,490.6281433105469,489.1795959472656
2024-04-23,496.5396728515625,494.9845275878906
2024-04-24,496.34423828125,494.7496032714844
2024-04-25,494.2434997558594,492.8700256347656
2024-04-26,499.0802001953125,497.5394287109375
2024-04-29,500.8585510253906,499.3014831542969
2024-04-30,492.89508056640625,491.3919372558594
2024-05-01,491.3512268066406,489.7962951660156
2024-05-02,495.845947265625,494.3775634765625
2024-05-03,502.0799560546875,500.5055847167969
2024-05-06,507.3074035644531,505.67413330078125
2024-05-07,507.9621276855469,506.232177734375
2024-05-08,507.913330078125,506.28106689453125
2024-05-09,510.6979064941406,509.19818115234375
2024-05-10,511.41131591796875,509.8541259765625
2024-05-13,511.58721923828125,509.9226379394531
2024-05-14,513.922607421875,512.2622680664062
2024-05-15,520.2932739257812,518.6055297851562
2024-05-16,519.0719604492188,517.5384521484375
2024-05-17,519.9513549804688,518.282470703125
2024-05-20,520.55712890625,518.879638671875
2024-05-21,521.827392578125,520.1522216796875
2024-05-22,520.3421630859375,518.6546020507812
2024-05-23,516.5411987304688,514.8661499023438
2024-05-24,519.970947265625,518.2727661132812
2024-05-28,520.3715209960938,518.635009765625
2024-05-29,516.648681640625,515.0031127929688
2024-05-30,513.2972412109375,511.5868225097656
2024-05-31,517.8310546875,516.246337890625
2024-06-03,518.1533813476562,516.6672973632812
2024-06-04,518.9155883789062,517.244873046875
2024-06-05,525.1300659179688,523.392333984375
2024-06-06,525.1104736328125,523.382568359375
2024-06-07,524.446044921875,522.746337890625
2024-06-10,526.0094604492188,524.3615112304688
2024-06-11,527.3138427734375,525.6243286132812
2024-06-12,531.7044677734375,529.9412841796875
2024-06-13,532.8217163085938,531.00830078125
2024-06-14,533.0078735351562,531.331298828125
2024-06-17,537.3692016601562,535.5601806640625
2024-06-18,538.6725463867188,536.9207763671875
2024-06-20,537.0065307617188,535.4623413085938
2024-06-21,536.0950317382812,534.7444458007812
2024-06-24,534.7229614257812,533.0061645507812
2024-06-25,536.751708984375,535.0587768554688
2024-06-26,537.5750122070312,535.7265014648438
2024-06-27,538.3589477539062,536.571044921875
2024-06-28,536.3106689453125,534.4596557617188
2024-07-01,537.4671020507812,535.5595703125
2024-07-02,540.8972778320312,539.1637573242188
2024-07-03,543.26904296875,541.5698852539062
2024-07-05,546.6305541992188,544.6927490234375
2024-07-08,547.267578125,545.3213500976562
2024-07-09,547.7772216796875,545.8516235351562
2024-07-10,552.9911499023438,551.2529296875
2024-07-11,548.296630859375,546.499755859375
2024-07-12,551.80517578125,549.9468383789062
2024-07-15,553.3438720703125,551.459228515625
2024-07-16,556.6270751953125,554.7294311523438
2024-07-17,548.8553466796875,546.9514770507812
2024-07-18,544.5137329101562,542.7482299804688
2024-07-19,540.9658813476562,539.1441040039062
2024-07-22,546.58154296875,544.70263671875
2024-07-23,545.670166015625,543.84814453125
2024-07-24,533.3509521484375,531.5232543945312
2024-07-25,530.5382080078125,528.7538452148438
2024-07-26,536.4674682617188,534.6757202148438
2024-07-29,536.8399047851562,534.9899291992188
2024-07-30,533.9487915039062,532.2794799804688
2024-07-31,542.2791137695312,540.9315185546875
2024-08-01,535.1541748046875,533.2713623046875
2024-08-02,525.0794067382812,523.3427124023438
2024-08-05,509.8004455566406,508.1010437011719
2024-08-06,514.641845703125,512.7854614257812
2024-08-07,511.0843505859375,509.3580017089844
2024-08-08,522.9232788085938,521.1329956054688
2024-08-09,525.1577758789062,523.4310302734375
2024-08-12,525.41259765625,523.7061157226562
2024-08-13,534.1546630859375,532.3187255859375
2024-08-14,535.8990478515625,533.9981689453125
2024-08-15,545.072265625,543.1510009765625
2024-08-16,546.30712890625,544.36865234375
2024-08-19,551.3837890625,549.57373046875
2024-08-20,550.560546875,548.679931640625
2024-08-21,552.706787109375,550.5655517578125
2024-08-22,548.0320434570312,546.244384765625
2024-08-23,553.9515380859375,552.0484008789062
2024-08-26,552.3834228515625,550.732421875
2024-08-27,553.392822265625,551.4886474609375
2024-08-28,550.1587524414062,548.2871704101562
2024-08-29,550.2469482421875,548.336181640625
2024-08-30,555.4412841796875,553.5706176757812
2024-09-03,544.180419921875,542.1786499023438
2024-09-04,543.0435791015625,541.0689086914062
2024-09-05,541.5343017578125,539.7529296875
2024-09-06,532.5276489257812,530.6688232421875
2024-09-09,538.5059814453125,536.6103515625
2024-09-10,540.4954833984375,538.9476928710938
2024-09-11,546.3267822265625,544.4766845703125
2024-09-12,550.9525756835938,549.06298828125
2024-09-13,553.7750854492188,551.9306640625
2024-09-16,554.6963500976562,552.7457275390625
2024-09-17,554.9021606445312,552.9716186523438
2024-09-18,553.2459106445312,551.33154296875
2024-09-19,562.7327270507812,560.7396850585938
2024-09-20,561.5567016601562,559.7703857421875
2024-09-23,563.114990234375,561.1692504882812
2024-09-24,564.7515869140625,562.77490234375
2024-09-25,563.41845703125,561.53369140625
2024-09-26,565.8289184570312,563.7599487304688
2024-09-27,564.8057861328125,562.9423217773438
2024-09-30,567.5113525390625,565.1981811523438
2024-10-01,562.1492919921875,560.1348876953125
2024-10-02,562.3755493164062,560.3712768554688
2024-10-03,561.30322265625,559.3468017578125
2024-10-04,566.399658203125,564.4298095703125
2024-10-07,561.3229370117188,559.3270874023438
2024-10-08,566.6455688476562,564.616943359375
2024-10-09,570.4924926757812,568.52783203125
2024-10-10,569.4889526367188,567.5328369140625
2024-10-11,572.9520874023438,570.9313354492188
2024-10-14,577.6746826171875,575.6005859375
2024-10-15,573.0899047851562,571.1283569335938
2024-10-16,575.6381225585938,573.6107788085938
2024-10-17,575.8053588867188,573.6599731445312
2024-10-18,577.9796752929688,575.8665771484375
2024-10-21,577.1237182617188,574.9208984375
2024-10-22,576.671142578125,574.6155395507812
2024-10-23,571.4172973632812,569.364990234375
2024-10-24,572.6372680664062,570.596435546875
2024-10-25,572.5093994140625,570.3993530273438
2024-10-28,574.231201171875,572.1627197265625
2024-10-29,575.1166381835938,573.0886840820312
2024-10-30,573.2669677734375,571.3549194335938
2024-10-31,562.0213623046875,560.1546020507812
2024-11-01,564.4613647460938,562.5187377929688
2024-11-04,563.3299560546875,561.30712890625
2024-11-05,570.1383056640625,568.0942993164062
2024-11-06,584.2960815429688,582.2203979492188
2024-11-07,588.8513793945312,586.7221069335938
2024-11-08,591.4290771484375,589.263671875
2024-11-11,591.881591796875,589.8250732421875
2024-11-12,590.0713500976562,587.9928588867188
2024-11-13,590.5140991210938,588.278564453125
2024-11-14,586.6080322265625,584.495849609375
2024-11-15,579.1602172851562,577.0092163085938
2024-11-18,581.5707397460938,579.3734130859375
2024-11-19,583.5975341796875,581.4913940429688
2024-11-20,583.8631591796875,581.6884155273438
2024-11-21,586.8541259765625,584.81103515625
2024-11-22,588.7922973632812,586.6236572265625
2024-11-25,590.53369140625,588.613525390625
2024-11-26,594.0166015625,591.6869506835938
2024-11-27,592.1079711914062,589.8941040039062
2024-11-29,595.3054809570312,593.55859375
2024-12-02,596.9190063476562,594.6224365234375
2024-12-03,597.1649780273438,594.8982543945312
2024-12-04,600.8446655273438,598.5922241210938
2024-12-05,599.8902587890625,597.6072387695312
2024-12-06,600.9725341796875,598.7400512695312
2024-12-09,597.8734130859375,595.65673828125
2024-12-10,596.1417236328125,593.8048095703125
2024-12-11,600.7363891601562,598.3953247070312
2024-12-12,597.5487060546875,595.3120727539062
2024-12-13,597.4404296875,595.1937866210938
2024-12-16,599.9887084960938,597.7352905273438
2024-12-17,597.3761596679688,595.2726440429688
2024-12-18,579.8118896484375,577.5314331054688
2024-12-19,579.3873291015625,577.3540649414062
2024-12-20,585.8048706054688,584.2886352539062
2024-12-23,590.0602416992188,587.7875366210938
2024-12-24,596.6949462890625,594.3207397460938
2024-12-26,596.4086303710938,594.3603515625
2024-12-27,589.9515991210938,588.103759765625
2024-12-30,583.484619140625,581.392578125
2024-12-31,581.2138061523438,579.2774658203125
2025-01-02,579.9993896484375,577.8541870117188
2025-01-03,587.068603515625,585.079345703125
2025-01-06,590.7117919921875,588.44970703125
2025-01-07,584.067138671875,581.7978515625
2025-01-08,584.6793212890625,582.6478881835938
2025-01-10,575.931640625,573.7523193359375
2025-01-13,576.7708740234375,574.6419067382812
2025-01-14,577.570556640625,575.4325561523438
2025-01-15,588.07568359375,585.899658203125
2025-01-16,587.0784912109375,584.77294921875
2025-01-17,592.64697265625,590.6439819335938
2025-01-21,598.0179443359375,596.0504150390625
2025-01-22,601.5723266601562,599.401123046875
2025-01-23,604.92919921875,602.6727294921875
2025-01-24,603.1421508789062,600.9132690429688
2025-01-27,594.7302856445312,592.4132690429688
2025-01-28,599.7852783203125,597.50341796875
2025-01-29,597.2379150390625,594.8248901367188
2025-01-30,600.2295532226562,598.0173950195312
2025-01-31,596.9910888671875,594.8347778320312
2025-02-03,593.0616455078125,590.831787109375
2025-02-04,597.0208129882812,594.795166015625
2025-02-05,599.46923828125,597.2068481445312
2025-02-06,601.6710815429688,599.2825317382812
2025-02-07,596.1420288085938,593.7969970703125
2025-02-10,600.0419921875,597.82958984375
2025-02-11,600.515869140625,598.2843017578125
2025-02-12,598.5215454101562,596.3568115234375
2025-02-13,604.8995361328125,602.6528930664062
2025-02-14,604.9094848632812,602.623291015625
2025-02-18,606.6866455078125,604.3924560546875
2025-02-19,608.0392456054688,605.8157958984375
2025-02-20,605.6795654296875,603.29541015625
2025-02-21,595.2238159179688,592.9766235351562
2025-02-24,592.3902587890625,590.2783203125
2025-02-25,589.5072631835938,587.3427124023438
2025-02-26,589.7047729492188,587.6392211914062
2025-02-27,580.3252563476562,578.2593383789062
2025-02-28,589.4677734375,587.283447265625
2025-03-03,579.3477783203125,576.9942626953125
2025-03-04,572.3576049804688,570.1644287109375
2025-03-05,578.6270141601562,576.2925415039062
2025-03-06,568.240478515625,566.0626220703125
2025-03-07,571.1728515625,569.2352905273438
2025-03-10,556.2939453125,554.0734252929688
2025-03-11,551.5548095703125,549.4674682617188
2025-03-12,554.3588256835938,552.38330078125
2025-03-13,547.0328979492188,545.0197143554688
2025-03-14,558.3870849609375,556.2775268554688
2025-03-17,562.3856811523438,560.5671997070312
2025-03-18,556.527587890625,554.50830078125
2025-03-19,562.5491333007812,560.5474243164062
2025-03-20,561.291259765625,558.9264526367188
2025-03-21,561.1328735351562,559.11083984375
2025-03-24,571.1754150390625,569.1236572265625
2025-03-25,572.4035034179688,570.49169921875
2025-03-26,565.92626953125,563.6810913085938
2025-03-27,564.1436157226562,562.18408203125
2025-03-28,552.7542114257812,550.8626708984375
2025-03-31,556.4978637695312,554.5604858398438
2025-04-01,558.3598022460938,556.1268310546875
2025-04-02,561.7468872070312,559.646240234375
2025-04-03,534.8777465820312,532.06640625
2025-04-04,502.7297668457031,500.9176330566406
2025-04-07,501.5116271972656,500.025390625
2025-04-08,494.00445556640625,492.1936340332031
2025-04-09,540.998291015625,543.8834838867188
2025-04-10,521.9927978515625,520.0509643554688
2025-04-11,531.8173828125,529.3301391601562
2025-04-14,536.3137817382812,534.4654541015625
2025-04-15,534.99658203125,532.968505859375
2025-04-16,523.0624389648438,521.1216430664062
2025-04-17,523.5872802734375,521.8651733398438
2025-04-21,511.41552734375,509.4433898925781
2025-04-22,524.2904663085938,522.6979370117188
2025-04-23,532.6790771484375,530.79736328125
2025-04-24,543.939697265625,541.9701538085938
2025-04-25,547.87158203125,545.8860473632812
2025-04-28,548.1093139648438,546.09423828125
2025-04-29,551.5953979492188,549.5342407226562
2025-04-30,552.5957641601562,549.7523193359375
2025-05-01,555.7154541015625,553.6483764648438
2025-05-02,563.8663330078125,561.8668212890625
2025-05-05,560.7267456054688,558.6448364257812
2025-05-06,556.1412963867188,553.9755859375
2025-05-07,558.3499145507812,556.3052978515625
2025-05-08,561.8756103515625,560.1815795898438
2025-05-09,561.43994140625,559.4677124023438
2025-05-12,580.0789794921875,577.9567260742188
2025-05-13,584.2682495117188,581.7734985351562
2025-05-14,584.6051025390625,582.5170288085938
2025-05-15,587.4771118164062,585.3622436523438
2025-05-16,591.2999877929688,589.0698852539062
2025-05-19,592.042724609375,589.7142944335938
2025-05-20,589.8441772460938,587.7315673828125
2025-05-21,580.039306640625,577.8278198242188
2025-05-22,580.1284790039062,578.055908203125
2025-05-23,576.4046020507812,574.1101684570312
2025-05-27,588.2297973632812,586.0463256835938
2025-05-28,584.7634887695312,582.6558227539062
2025-05-29,587.0809936523438,584.9557495117188
2025-05-30,586.45703125,584.301513671875
2025-06-02,589.864013671875,587.5928344726562
2025-06-03,593.1718139648438,590.943603515625
2025-06-04,593.0133666992188,590.7850341796875
2025-06-05,590.2501831054688,587.9298706054688
2025-06-06,596.2123413085938,593.96728515625
2025-06-09,596.77685546875,594.5026245117188
2025-06-10,600.20361328125,597.873291015625
2025-06-11,598.5001831054688,596.1681518554688
2025-06-12,600.678955078125,598.5374755859375
2025-06-13,594.0235595703125,591.845703125
2025-06-16,599.8224487304688,597.4767456054688
2025-06-17,594.8551025390625,592.3712158203125
2025-06-18,594.7160034179688,592.281982421875
2025-06-20,592.768798828125,590.8909912109375
2025-06-23,598.9978637695312,596.7274780273438
2025-06-24,605.5349731445312,603.3196411132812
2025-06-25,605.9820556640625,603.65771484375
2025-06-26,610.750732421875,608.380615234375
2025-06-27,613.4331665039062,611.4032592773438
2025-06-30,616.8507080078125,614.3264770507812
2025-07-01,616.6221923828125,614.127685546875
2025-07-02,619.354248046875,616.9117431640625
2025-07-03,624.0732421875,621.7738647460938
2025-07-07,619.7615966796875,617.1403198242188
2025-07-08,619.264892578125,616.8023681640625
2025-07-09,622.9407348632812,620.5010986328125
2025-07-10,624.7488403320312,622.2510375976562
2025-07-11,622.3545532226562,620.0636596679688
2025-07-14,623.6460571289062,621.246826171875
2025-07-15,620.9140014648438,618.592041015625
2025-07-16,623.1593017578125,620.66015625
2025-07-17,626.8153076171875,624.4583740234375
2025-07-18,626.5570068359375,624.0010375976562
2025-07-21,627.6100463867188,625.1842651367188
2025-07-22,627.6199951171875,625.2737426757812
2025-07-23,633.173583984375,630.5932006835938
2025-07-24,633.4219360351562,630.802001953125
2025-07-25,635.8857421875,633.4667358398438
2025-07-28,635.7466430664062,633.3076782226562
2025-07-29,634.2366333007812,631.6372680664062
2025-07-30,633.3523559570312,630.841796875
2025-07-31,630.7593994140625,628.475341796875
2025-08-01,620.5762939453125,618.1743774414062
2025-08-04,630.0341186523438,627.570556640625
2025-08-05,627.0040893554688,624.3887939453125
2025-08-06,631.6436157226562,629.17138671875
2025-08-07,631.2958984375,628.6444091796875
2025-08-08,636.0745239257812,633.5462646484375
2025-08-11,634.812744140625,632.29345703125
2025-08-12,641.5286865234375,639.0248413085938
2025-08-13,643.8832397460938,641.2123413085938
2025-08-14,643.9031372070312,641.27197265625
2025-08-15,642.45263671875,639.7705688476562
2025-08-18,642.1546020507812,639.6314086914062
2025-08-19,638.7569580078125,636.1612548828125
2025-08-20,637.048095703125,634.470947265625
2025-08-21,634.5346069335938,631.9255981445312
2025-08-22,644.2706909179688,641.6299438476562
2025-08-25,641.4293823242188,638.8060913085938
2025-08-26,644.0322875976562,641.4807739257812
2025-08-27,645.562255859375,642.9423828125
2025-08-28,647.886962890625,645.2192993164062
2025-08-29,644.0918579101562,641.3713989257812
2025-09-02,639.223876953125,636.6187133789062
2025-09-03,642.6613159179688,640.06884765625
2025-09-04,647.9564819335938,645.418212890625
2025-09-05,646.2278442382812,643.5488891601562
2025-09-08,647.8671264648438,645.1298828125
2025-09-09,649.3572998046875,646.6212768554688
2025-09-10,651.2151489257812,648.4905395507812
2025-09-11,656.6395263671875,653.8796997070312
2025-09-12,656.4109497070312,653.6608276367188
2025-09-15,659.8385009765625,657.1409301757812
2025-09-16,658.9666137695312,656.2361450195312
2025-09-17,658.2391967773438,655.4208374023438
2025-09-18,661.358154296875,658.4832153320312
2025-09-19,664.5169677734375,661.74462890625
2025-09-22,667.7156372070312,664.8753662109375
2025-09-23,664.1482543945312,661.256103515625
2025-09-24,661.9161987304688,659.1522216796875
2025-09-25,658.8869018554688,656.1112670898438
2025-09-26,662.5439453125,659.8701782226562
2025-09-29,664.4073486328125,661.7246704101562
2025-09-30,666.9383544921875,664.21728515625
2025-10-01,669.469482421875,666.4806518554688
2025-10-02,670.1270751953125,667.248291015625
2025-10-03,670.04736328125,667.2384033203125
2025-10-06,672.5086669921875,669.6312866210938
2025-10-07,670.04736328125,667.1486206054688
2025-10-08,674.0332641601562,671.1268920898438
2025-10-09,672.1400146484375,669.1826171875
2025-10-10,653.8846435546875,651.0960693359375
2025-10-13,663.8792114257812,661.0865478515625
2025-10-14,663.1318359375,660.2789306640625
2025-10-15,665.9219970703125,663.2102661132812
2025-10-16,661.6371459960938,658.6936645507812
2025-10-17,665.3340454101562,662.4326171875
2025-10-20,672.2097778320312,669.3222045898438
2025-10-21,672.05029296875,669.3121948242188
2025-10-22,668.7918090820312,665.83251953125
2025-10-23,672.58837890625,669.7808837890625
2025-10-24,678.1188354492188,675.2546997070312
2025-10-27,686.1702880859375,683.2211303710938
2025-10-28,687.9041748046875,685.0357666015625
2025-10-29,688.2728881835938,685.3648071289062
2025-10-30,680.8192138671875,677.8270874023438
2025-10-31,682.8121337890625,680.050537109375
2025-11-03,684.2670288085938,681.3267822265625
2025-11-04,676.4148559570312,673.2506103515625
2025-11-05,678.5073852539062,675.583740234375
2025-11-06,671.1434936523438,668.3351440429688
2025-11-07,671.9606323242188,668.9931640625
2025-11-10,682.4036254882812,679.432373046875
2025-11-11,683.7388916015625,680.9877319335938
2025-11-12,684.2172241210938,681.3666381835938
2025-11-13,673.0667114257812,670.0599975585938
2025-11-14,672.9271850585938,669.9503784179688
2025-11-17,666.6294555664062,663.7088012695312
2025-11-18,661.1090698242188,658.1353149414062
2025-11-19,663.6002197265625,660.6777954101562
2025-11-20,653.4561767578125,650.6075439453125
2025-11-21,659.9431762695312,657.08837890625
2025-11-24,669.6886596679688,666.759765625
2025-11-25,675.986328125,673.03125
2025-11-26,680.6498413085938,677.6775512695312
2025-11-28,684.4563598632812,681.3765869140625
2025-12-01,681.2476806640625,678.2658081054688
2025-12-02,682.4136352539062,679.5220947265625
2025-12-03,684.8350219726562,681.8751220703125
2025-12-04,685.4229125976562,682.3736572265625
2025-12-05,686.678466796875,683.6697998046875
2025-12-08,684.6357421875,681.6159057617188
2025-12-09,684.087646484375,681.027587890625
2025-12-10,688.4821166992188,685.5443115234375
2025-12-11,690.146240234375,687.1395263671875
2025-12-12,682.7523803710938,679.7514038085938
2025-12-15,681.7360229492188,678.7244262695312
2025-12-16,679.8400268554688,676.8699340820312
2025-12-17,672.4099731445312,669.4219360351562
2025-12-18,677.5,674.4769287109375
2025-12-19,683.489990234375,680.5900268554688
2025-12-22,687.8300170898438,684.8300170898438
2025-12-23,690.969970703125,687.9600219726562
2025-12-24,693.3900146484375,690.3800048828125
2025-12-26,693.27001953125,690.3099975585938
2025-12-29,690.9099731445312,687.8499755859375
2025-12-30,689.9199829101562,687.010009765625
2025-12-31,684.9400024414062,681.9199829101562
