Date,y,proba,y_hat
2020-12-31,1,0.49840649755262095,0
2021-01-04,1,0.4841153461323213,0
2021-01-05,1,0.47330339722422743,0
2021-01-06,1,0.46328651876891813,0
2021-01-07,1,0.46056786079710416,0
2021-01-08,1,0.46742373188449643,0
2021-01-11,0,0.46482345852657364,0
2021-01-12,0,0.4525048271730175,0
2021-01-13,1,0.45549659648097557,0
2021-01-14,1,0.47144166700191864,0
2021-01-15,1,0.47647426004888915,0
2021-01-19,1,0.49015187965380436,0
2021-01-20,1,0.4978645767479479,0
2021-01-21,1,0.4916728102626255,0
2021-01-22,1,0.4892928287381433,0
2021-01-25,1,0.510427568777727,1
2021-01-26,1,0.5400702789393335,1
2021-01-27,1,0.532944752033259,1
2021-01-28,0,0.5366542116630691,1
2021-01-29,0,0.5254110053336609,1
2021-02-01,0,0.5337321012941102,1
2021-02-02,0,0.5527270507904049,1
2021-02-03,1,0.5622115749704721,1
2021-02-04,1,0.5825321510237278,1
2021-02-05,1,0.6067851249519952,1
2021-02-08,1,0.5911041133498676,1
2021-02-09,1,0.5987488605463758,1
2021-02-10,1,0.5964216663656611,1
2021-02-11,0,0.5742251759865014,1
2021-02-12,0,0.5692280563236365,1
2021-02-16,0,0.5792457798193595,1
2021-02-17,0,0.6125910752210697,1
2021-02-18,0,0.6192628987204406,1
2021-02-19,0,0.5971402269110435,1
2021-02-22,0,0.6174163427995676,1
2021-02-23,0,0.5816828911222863,1
2021-02-24,0,0.5671177836148114,1
2021-02-25,0,0.5393221717684521,1
2021-02-26,1,0.5190052781146361,1
2021-03-01,1,0.5273776468311427,1
2021-03-02,1,0.43713896233612076,0
2021-03-03,1,0.4229307730021842,0
2021-03-04,1,0.4053421012487458,0
2021-03-05,0,0.42919314995222185,0
2021-03-08,1,0.4031029439972989,0
2021-03-09,1,0.3678758410484935,0
2021-03-10,0,0.44202277856267674,0
2021-03-11,0,0.3459752004609388,0
2021-03-12,1,0.36609397379140846,0
2021-03-15,0,0.32558494644533387,0
2021-03-16,0,0.3562999714833986,0
2021-03-17,0,0.32287966971676696,0
2021-03-18,0,0.2960828663409682,0
2021-03-19,0,0.2877545674559738,0
2021-03-22,0,0.3103936480385612,0
2021-03-23,0,0.3241494173800173,0
2021-03-24,0,0.31949106565930413,0
2021-03-25,0,0.32701267821046504,0
2021-03-26,0,0.3546381014780225,0
2021-03-29,1,0.378293590052202,0
2021-03-30,0,0.37185293240294076,0
2021-03-31,0,0.3493157258856164,0
2021-04-01,0,0.341243930902241,0
2021-04-05,1,0.35577411910946166,0
2021-04-06,1,0.35693078113042315,0
2021-04-07,1,0.37014518012524955,0
2021-04-08,1,0.35263841586743505,0
2021-04-09,0,0.3538488305045341,0
2021-04-12,0,0.3576593101398428,0
2021-04-13,0,0.3457897575428907,0
2021-04-14,0,0.3755895915821349,0
2021-04-15,0,0.36105140830057597,0
2021-04-16,0,0.3803030333156858,0
2021-04-19,1,0.40379760913291884,0
2021-04-20,1,0.405973088235179,0
2021-04-21,1,0.4012940752801835,0
2021-04-22,1,0.4214047546351376,0
2021-04-23,1,0.37652567742789705,0
2021-04-26,0,0.38816300026338824,0
2021-04-27,0,0.3474866309392821,0
2021-04-28,0,0.3413317978282936,0
2021-04-29,0,0.33363856024102656,0
2021-04-30,0,0.34042578647438015,0
2021-05-03,0,0.33419346080685,0
2021-05-04,0,0.33643365410407194,0
2021-05-05,1,0.3188574127966888,0
2021-05-06,0,0.3220952525008226,0
2021-05-07,0,0.33848614149111045,0
2021-05-10,1,0.36673001531149546,0
2021-05-11,1,0.3724010535740847,0
2021-05-12,0,0.33227545408938836,0
2021-05-13,0,0.33474218298501685,0
2021-05-14,0,0.35654819094873363,0
2021-05-17,0,0.3780896744068061,0
2021-05-18,0,0.35511757893828766,0
2021-05-19,0,0.3152658149411476,0
2021-05-20,1,0.3176877139656644,0
2021-05-21,0,0.3227806337998982,0
2021-05-24,1,0.3285679585119565,0
2021-05-25,1,0.3253555877849499,0
2021-05-26,1,0.340884871382749,0
2021-05-27,0,0.33901669955255104,0
2021-05-28,0,0.31454777546846335,0
2021-06-01,1,0.34583323936805016,0
2021-06-02,1,0.3399467066276508,0
2021-06-03,1,0.349111242634116,0
2021-06-04,1,0.338100504262681,0
2021-06-07,0,0.3579001367187213,0
2021-06-08,0,0.3369079332826254,0
2021-06-09,0,0.32613386025491764,0
2021-06-10,0,0.34802695156696667,0
2021-06-11,1,0.3016442806693537,0
2021-06-14,1,0.3222880775418399,0
2021-06-15,1,0.3560492659532008,0
2021-06-16,1,0.36044786639669846,0
2021-06-17,1,0.3499931905004412,0
2021-06-18,0,0.35842252565761323,0
2021-06-21,0,0.30509255940818597,0
2021-06-22,0,0.31344636733695747,0
2021-06-23,0,0.3019107878232634,0
2021-06-24,0,0.27166849460261167,0
2021-06-25,0,0.30316126804254995,0
2021-06-28,0,0.2897380334366969,0
2021-06-29,0,0.3200699230379589,0
2021-06-30,0,0.34426971870798234,0
2021-07-01,0,0.3625889260940704,0
2021-07-02,1,0.3756651166386241,0
2021-07-06,0,0.3951545384230118,0
2021-07-07,0,0.40996563422305154,0
2021-07-08,0,0.4324937389821015,0
2021-07-09,0,0.4131485912113726,0
2021-07-12,0,0.42181917572320937,0
2021-07-13,0,0.460092390853043,0
2021-07-14,1,0.5536510042594953,1
2021-07-15,1,0.5717999701111995,1
2021-07-16,1,0.598155990426253,1
2021-07-19,1,0.6200083193238581,1
2021-07-20,0,0.6086940068648918,1
2021-07-21,1,0.6097443556417421,1
2021-07-22,0,0.6006248917701148,1
2021-07-23,1,0.6246948025595814,1
2021-07-26,1,0.6491612010357368,1
2021-07-27,1,0.6613748740522714,1
2021-07-28,1,0.6597442951217024,1
2021-07-29,1,0.6403510790895454,1
2021-07-30,1,0.6423811698036412,1
2021-08-02,1,0.6377659591701046,1
2021-08-03,1,0.624717057454853,1
2021-08-04,0,0.6113897642606106,1
2021-08-05,1,0.5568617549510539,1
2021-08-06,0,0.5545074657391054,1
2021-08-09,0,0.5611421349132454,1
2021-08-10,0,0.5538362482536893,1
2021-08-11,0,0.5483356268436621,1
2021-08-12,0,0.5842607805459423,1
2021-08-13,0,0.596596610237227,1
2021-08-16,1,0.6249506973619887,1
2021-08-17,1,0.6465007180908865,1
2021-08-18,1,0.6324157107901254,1
2021-08-19,1,0.6205775973079357,1
2021-08-20,1,0.6518027384507739,1
2021-08-23,1,0.6370784243210609,1
2021-08-24,1,0.6190932502708314,1
2021-08-25,0,0.5802501473713773,1
2021-08-26,0,0.5729387106489208,1
2021-08-27,0,0.5677270560814152,1
2021-08-30,1,0.5852220489487883,1
2021-08-31,0,0.599937492915489,1
2021-09-01,1,0.6098297157289069,1
2021-09-02,1,0.6413801841853446,1
2021-09-03,1,0.6314189613161784,1
2021-09-07,1,0.6074980188798126,1
2021-09-08,1,0.5668054220308996,1
2021-09-09,1,0.5988631126753904,1
2021-09-10,1,0.5616950645886852,1
2021-09-13,1,0.5651398007909866,1
2021-09-14,1,0.5676198528610935,1
2021-09-15,1,0.5481464786993188,1
2021-09-16,1,0.5473961425011871,1
2021-09-17,1,0.5039663458261108,1
2021-09-20,1,0.4433234940252569,0
2021-09-21,1,0.433487826080358,0
2021-09-22,1,0.44480929044192824,0
2021-09-23,1,0.43212444850745635,0
2021-09-24,1,0.43473311908876344,0
2021-09-27,1,0.4521590603438825,0
2021-09-28,1,0.47605666537734276,0
2021-09-29,0,0.45798973617623034,0
2021-09-30,0,0.4695066367944241,0
2021-10-01,0,0.4691989917917862,0
2021-10-04,0,0.44169883910316105,0
2021-10-05,0,0.4359519064268385,0
2021-10-06,0,0.4459477264963004,0
2021-10-07,0,0.5189036654371726,1
2021-10-08,0,0.5424872573643411,1
2021-10-11,0,0.5396949346289204,1
2021-10-12,0,0.5733929216422496,1
2021-10-13,0,0.5956441971612246,1
2021-10-14,1,0.6113315946325234,1
2021-10-15,0,0.6157969193874586,1
2021-10-18,0,0.6065255701009075,1
2021-10-19,0,0.6047137926837179,1
2021-10-20,1,0.6312633104418186,1
2021-10-21,0,0.625213595692234,1
2021-10-22,0,0.6051535496920428,1
2021-10-25,0,0.605092182933177,1
2021-10-26,0,0.5995882667138694,1
2021-10-27,0,0.6162186486943866,1
2021-10-28,0,0.5759125102997761,1
2021-10-29,0,0.5823874899997016,1
2021-11-01,0,0.564795800085215,1
2021-11-02,1,0.5868095534733259,1
2021-11-03,1,0.6264050771616392,1
2021-11-04,1,0.6412585104455822,1
2021-11-05,1,0.6489621662748569,1
2021-11-08,0,0.6333972303720367,1
2021-11-09,1,0.5982519862812095,1
2021-11-10,1,0.6200629769410867,1
2021-11-11,0,0.6169086227641054,1
2021-11-12,0,0.6055619655750394,1
2021-11-15,1,0.7483901883006646,1
2021-11-16,0,0.7520614211922391,1
2021-11-17,1,0.7484387885535126,1
2021-11-18,1,0.7462659784711092,1
2021-11-19,1,0.7480035841839751,1
2021-11-22,1,0.7505891529666776,1
2021-11-23,1,0.7547492189491602,1
2021-11-24,1,0.7512019417368833,1
2021-11-26,0,0.7308948047031274,1
2021-11-29,0,0.7356926373203957,1
2021-11-30,0,0.7268804406109726,1
2021-12-01,0,0.7199327850156169,1
2021-12-02,0,0.5938843672596309,1
2021-12-03,0,0.6334361488512761,1
2021-12-06,0,0.6571373971550699,1
2021-12-07,0,0.6664446287216402,1
2021-12-08,0,0.6711496245720944,1
2021-12-09,0,0.674951391758629,1
2021-12-10,1,0.690447213690623,1
2021-12-13,1,0.7046029648362728,1
2021-12-14,1,0.706843172098766,1
2021-12-15,1,0.7213714442544863,1
2021-12-16,1,0.7318689461858822,1
2021-12-17,0,0.7190999563341403,1
2021-12-20,0,0.7231287074998948,1
2021-12-21,0,0.729965572188775,1
2021-12-22,0,0.7391474402596475,1
2021-12-23,0,0.7469902343183134,1
2021-12-27,1,0.7608821469736446,1
2021-12-28,1,0.7765258341250973,1
2021-12-29,1,0.7891840099984612,1
2021-12-30,1,0.7971842768430614,1
2021-12-31,1,0.8087413890725769,1
2022-01-03,1,0.8139993028836948,1
2022-01-04,1,0.8196819514196203,1
2022-01-05,1,0.8279997076052544,1
2022-01-06,1,0.8356164827676591,1
2022-01-07,1,0.8438461379297179,1
2022-01-10,1,0.8502599417211658,1
2022-01-11,1,0.855042049638268,1
2022-01-12,1,0.8597131800197193,1
2022-01-13,1,0.864849199673939,1
2022-01-14,1,0.8733387150288313,1
2022-01-18,1,0.874517225752097,1
2022-01-19,1,0.8787236930390192,1
2022-01-20,1,0.8820656358348733,1
2022-01-21,1,0.8826038158614458,1
2022-01-24,1,0.8834454857138248,1
2022-01-25,1,0.8756245924586034,1
2022-01-26,0,0.8688357915912953,1
2022-01-27,0,0.8581625787981585,1
2022-01-28,1,0.8655284972046228,1
2022-01-31,1,0.8793770270509078,1
2022-02-01,1,0.8815219551543164,1
2022-02-02,1,0.8937112916394951,1
2022-02-03,1,0.8956733312912544,1
2022-02-04,1,0.8869569824427268,1
2022-02-07,1,0.8739148052213705,1
2022-02-08,1,0.855415538870415,1
2022-02-09,1,0.8409567186341234,1
2022-02-10,1,0.8174815581893693,1
2022-02-11,1,0.771976010712004,1
2022-02-14,0,0.7702871375852292,1
2022-02-15,0,0.7429813070019707,1
2022-02-16,1,0.7391383034958723,1
2022-02-17,0,0.6862181763919724,1
2022-02-18,1,0.6659580989683541,1
2022-02-22,1,0.6848175918537792,1
2022-02-23,1,0.6557194965925837,1
2022-02-24,1,0.563252744727285,1
2022-02-25,1,0.5440947529014963,1
2022-02-28,1,0.5562494632340257,1
2022-03-01,1,0.46052668657742163,0
2022-03-02,1,0.46082857323516785,0
2022-03-03,1,0.5250160485024666,1
2022-03-04,1,0.5113567901154485,1
2022-03-07,1,0.5008279316467042,1
2022-03-08,0,0.45856507272981845,0
2022-03-09,0,0.41798805394890853,0
2022-03-10,0,0.37763612988814566,0
2022-03-11,0,0.3495387257684169,0
2022-03-14,0,0.3581512504684895,0
2022-03-15,0,0.35035023155459527,0
2022-03-16,0,0.328715789513501,0
2022-03-17,0,0.34864381137285794,0
2022-03-18,0,0.40701362314529377,0
2022-03-21,0,0.43840472508094186,0
2022-03-22,0,0.4257452532691727,0
2022-03-23,0,0.4377491978877826,0
2022-03-24,0,0.4817239560525729,0
2022-03-25,0,0.5188472654134981,1
2022-03-28,0,0.4920738102523797,0
2022-03-29,0,0.48584797503790833,0
2022-03-30,0,0.50310305682574,1
2022-03-31,0,0.526760243805909,1
2022-04-01,0,0.5407033508156198,1
2022-04-04,0,0.555342507344376,1
2022-04-05,0,0.537948300233877,1
2022-04-06,1,0.553857724531249,1
2022-04-07,1,0.5937001722198297,1
2022-04-08,1,0.6013658048855901,1
2022-04-11,1,0.5864294569701558,1
2022-04-12,0,0.578444269099946,1
2022-04-13,0,0.6047225481403387,1
2022-04-14,1,0.5969102104382378,1
2022-04-18,0,0.5808699220714075,1
2022-04-19,1,0.5935576750744663,1
2022-04-20,1,0.6196592554497536,1
2022-04-21,0,0.6332732260912242,1
2022-04-22,1,0.5743965027829757,1
2022-04-25,1,0.519921501896345,1
2022-04-26,1,0.5143587042913034,1
2022-04-27,1,0.5527609124094865,1
2022-04-28,1,0.5916922087380088,1
2022-04-29,1,0.6052347843992181,1
2022-05-02,0,0.47783970187488745,0
2022-05-03,0,0.4149927021007972,0
2022-05-04,1,0.457346551226479,0
2022-05-05,1,0.5133220452194768,1
2022-05-06,0,0.5023802480019849,1
2022-05-09,0,0.4856518382780247,0
2022-05-10,0,0.523602318412187,1
2022-05-11,1,0.5168684358412136,1
2022-05-12,1,0.49802829938265153,0
2022-05-13,1,0.49925831067074383,0
2022-05-16,1,0.5364532052139757,1
2022-05-17,1,0.5768222725138357,1
2022-05-18,0,0.49519134890254907,0
2022-05-19,0,0.40586522314040036,0
2022-05-20,0,0.37428536979494476,0
2022-05-23,0,0.4119452975972481,0
2022-05-24,1,0.4388333946462047,0
2022-05-25,1,0.4695698961873438,0
2022-05-26,1,0.4396098503672321,0
2022-05-27,1,0.48074361839584684,0
2022-05-31,1,0.459835612678444,0
2022-06-01,0,0.4263578550040613,0
2022-06-02,1,0.4337103014702336,0
2022-06-03,1,0.42544324294974106,0
2022-06-06,1,0.4160606169331458,0
2022-06-07,1,0.4039949778246234,0
2022-06-08,1,0.3942285369424718,0
2022-06-09,0,0.3844160292194832,0
2022-06-10,0,0.404350058663775,0
2022-06-13,1,0.3611298825720912,0
2022-06-14,1,0.32937224730006837,0
2022-06-15,1,0.33005886730992035,0
2022-06-16,0,0.3315004377756915,0
2022-06-17,0,0.2979678374768194,0
2022-06-21,0,0.3252413304335396,0
2022-06-22,0,0.32425120881453906,0
2022-06-23,0,0.31760030175572546,0
2022-06-24,0,0.3343439706556854,0
2022-06-27,0,0.34422461297264373,0
2022-06-28,0,0.3324115354993454,0
2022-06-29,0,0.3441249284653878,0
2022-06-30,0,0.3546240875714658,0
2022-07-01,0,0.37006159926568144,0
2022-07-05,0,0.38176550335593173,0
2022-07-06,1,0.39615291724761315,0
2022-07-07,0,0.40718501341223806,0
2022-07-08,1,0.4172366781843149,0
2022-07-11,1,0.407135707856315,0
2022-07-12,0,0.38660613361819285,0
2022-07-13,1,0.417999631122308,0
2022-07-14,1,0.44077550558765816,0
2022-07-15,1,0.4532475936650288,0
2022-07-18,0,0.4347911805428271,0
2022-07-19,0,0.42851933143040594,0
2022-07-20,0,0.4218348645633606,0
2022-07-21,0,0.40585812021487505,0
2022-07-22,0,0.41327727052378527,0
2022-07-25,0,0.43427173893706217,0
2022-07-26,0,0.44621252729385213,0
2022-07-27,0,0.46258436797131147,0
2022-07-28,0,0.47292764172342966,0
2022-07-29,1,0.5027772726003715,1
2022-08-01,1,0.5201434480537591,1
2022-08-02,1,0.5266692742287298,1
2022-08-03,1,0.5205897922945925,1
2022-08-04,1,0.49787882993867044,0
2022-08-05,0,0.4720410001528819,0
2022-08-08,0,0.44808117515173784,0
2022-08-09,0,0.4441688707958387,0
2022-08-10,0,0.4567265499753209,0
2022-08-11,0,0.4655271152681739,0
2022-08-12,0,0.4706673144622611,0
2022-08-15,1,0.523171315804902,1
2022-08-16,1,0.5729146965324355,1
2022-08-17,1,0.5837233280528102,1
2022-08-18,1,0.5611214052876511,1
2022-08-19,1,0.5892761113679371,1
2022-08-22,1,0.5619061569930711,1
2022-08-23,1,0.5246215790436032,1
2022-08-24,1,0.5027084334723708,1
2022-08-25,1,0.49965090016603336,0
2022-08-26,1,0.45374476436753175,0
2022-08-29,1,0.4038788966751378,0
2022-08-30,0,0.3978862409682478,0
2022-08-31,0,0.3867918563137811,0
2022-09-01,0,0.41146092127649114,0
2022-09-02,0,0.4053396944798147,0
2022-09-06,1,0.38224102874020655,0
2022-09-07,1,0.38656532002835764,0
2022-09-08,1,0.41608292155249993,0
2022-09-09,1,0.40649345708585183,0
2022-09-12,1,0.41120362055842563,0
2022-09-13,0,0.3643956226292309,0
2022-09-14,1,0.34054879376297065,0
2022-09-15,0,0.32685996898004616,0
2022-09-16,0,0.32967798180542557,0
2022-09-19,0,0.3356123236054269,0
2022-09-20,1,0.3354096959892348,0
2022-09-21,0,0.33101396090616175,0
2022-09-22,1,0.3326681247731056,0
2022-09-23,1,0.3323677878529897,0
2022-09-26,1,0.33169569426766315,0
2022-09-27,0,0.3187191517438507,0
2022-09-28,1,0.3309578456676197,0
2022-09-29,1,0.3181311761136829,0
2022-09-30,0,0.2839084047171133,0
2022-10-03,0,0.2975777938233744,0
2022-10-04,1,0.30932138854865243,0
2022-10-05,0,0.2998103299077049,0
2022-10-06,0,0.2798232746171833,0
2022-10-07,0,0.272362696233036,0
2022-10-10,0,0.2718541738593048,0
2022-10-11,0,0.27571101349030913,0
2022-10-12,0,0.33199008563122295,0
2022-10-13,1,0.3850761358575659,0
2022-10-14,0,0.3576165385783857,0
2022-10-17,0,0.38370292577634524,0
2022-10-18,0,0.411318847396208,0
2022-10-19,0,0.39989581578584954,0
2022-10-20,0,0.38450434498354286,0
2022-10-21,0,0.40433909326244505,0
2022-10-24,0,0.4529731883165405,0
2022-10-25,0,0.45669793901517297,0
2022-10-26,1,0.47792061423314924,0
2022-10-27,1,0.47991337185688426,0
2022-10-28,1,0.5153632127426838,1
2022-10-31,1,0.5435100065681464,1
2022-11-01,1,0.5317756069461766,1
2022-11-02,1,0.5117464323597161,1
2022-11-03,0,0.4930800454563632,0
2022-11-04,1,0.49866747343027823,0
2022-11-07,1,0.5263788857394427,1
2022-11-08,1,0.5289847161305669,1
2022-11-09,1,0.5224333412327722,1
2022-11-10,1,0.5287435223259167,1
2022-11-11,0,0.5085209414112701,1
2022-11-14,0,0.4610854579913669,0
2022-11-15,0,0.46638715080217824,0
2022-11-16,0,0.4793187252892904,0
2022-11-17,0,0.5023155934009279,1
2022-11-18,0,0.5259302583913668,1
2022-11-21,1,0.5691309011147525,1
2022-11-22,1,0.6117819672261154,1
2022-11-23,0,0.6176757365378854,1
2022-11-25,0,0.6002030914202434,1
2022-11-28,1,0.5632005809529672,1
2022-11-29,1,0.5697498508388246,1
2022-11-30,1,0.5449480775786196,1
2022-12-01,1,0.58738923587718,1
2022-12-02,1,0.6167554875663775,1
2022-12-05,1,0.6219598958420711,1
2022-12-06,0,0.5705995840761876,1
2022-12-07,0,0.5504588448531111,1
2022-12-08,1,0.5712102131909835,1
2022-12-09,1,0.5866181391816457,1
2022-12-12,1,0.5921021437483738,1
2022-12-13,1,0.6012867320360824,1
2022-12-14,1,0.5935076362371671,1
2022-12-15,0,0.5650949418136814,1
2022-12-16,0,0.5266591687086701,1
2022-12-19,0,0.5353424548094381,1
2022-12-20,1,0.5507811523762881,1
2022-12-21,1,0.5573855003667064,1
2022-12-22,1,0.5630342597112364,1
2022-12-23,1,0.5554519084431102,1
2022-12-27,1,0.5791668216904251,1
2022-12-28,1,0.5827918721409544,1
2022-12-29,1,0.5715964849889764,1
2022-12-30,1,0.5670641877647244,1
2023-01-03,1,0.5475608203210918,1
2023-01-04,1,0.538693589384697,1
2023-01-05,1,0.5257882501363961,1
2023-01-06,1,0.5482315017840277,1
2023-01-09,1,0.570791371375016,1
2023-01-10,1,0.5485124075376998,1
2023-01-11,1,0.5443104300693591,1
2023-01-12,1,0.5346166450056187,1
2023-01-13,1,0.520127900610767,1
2023-01-17,1,0.5282091084309446,1
2023-01-18,1,0.5028696929857345,1
2023-01-19,0,0.47503888403044964,0
2023-01-20,1,0.4777065548093823,0
2023-01-23,1,0.4755106339778792,0
2023-01-24,0,0.48975772020644204,0
2023-01-25,1,0.5001148266747837,1
2023-01-26,1,0.4862684192507321,0
2023-01-27,0,0.47374110557818294,0
2023-01-30,0,0.4672086936427417,0
2023-01-31,0,0.4815476033141573,0
2023-02-01,0,0.483797644372754,0
2023-02-02,0,0.4700119361085325,0
2023-02-03,0,0.4595408364762644,0
2023-02-06,0,0.5169469769718071,1
2023-02-07,0,0.47152819314477784,0
2023-02-08,0,0.46317685076922704,0
2023-02-09,0,0.4720395835269201,0
2023-02-10,1,0.5351942847705605,1
2023-02-13,1,0.546315328548781,1
2023-02-14,1,0.5122292932243676,1
2023-02-15,1,0.49093268800205264,0
2023-02-16,0,0.5261976466535198,1
2023-02-17,1,0.5306793864652696,1
2023-02-21,1,0.5372111958766511,1
2023-02-22,1,0.5234204913528163,1
2023-02-23,1,0.5021300284481686,1
2023-02-24,1,0.5241504878834441,1
2023-02-27,1,0.47855159096468547,0
2023-02-28,1,0.44953944991103867,0
2023-03-01,0,0.427952632244728,0
2023-03-02,1,0.4398460092059672,0
2023-03-03,1,0.47210108030139997,0
2023-03-06,0,0.4402096374779497,0
2023-03-07,0,0.40062181847688316,0
2023-03-08,0,0.38842286526789704,0
2023-03-09,0,0.35392396997281367,0
2023-03-10,0,0.3484398664416954,0
2023-03-13,0,0.36718651358834026,0
2023-03-14,0,0.3831180458823539,0
2023-03-15,1,0.41129372516539575,0
2023-03-16,1,0.42795562029375955,0
2023-03-17,0,0.4315031056490617,0
2023-03-20,0,0.44184488830586954,0
2023-03-21,0,0.4766986306583799,0
2023-03-22,0,0.45421180404296213,0
2023-03-23,0,0.4479471094964787,0
2023-03-24,0,0.4738886089072599,0
2023-03-27,0,0.4986438781800621,0
2023-03-28,0,0.5202923491382685,1
2023-03-29,0,0.5280005017821505,1
2023-03-30,0,0.536603487706894,1
2023-03-31,0,0.5665102625006054,1
2023-04-03,1,0.5798135769955547,1
2023-04-04,1,0.5774770892837736,1
2023-04-05,0,0.6039538715407865,1
2023-04-06,1,0.6318369548142067,1
2023-04-10,0,0.6343824498563327,1
2023-04-11,0,0.5463329034861965,1
2023-04-12,0,0.5431440633170541,1
2023-04-13,0,0.553176294545272,1
2023-04-14,0,0.5703631888863542,1
2023-04-17,0,0.5662049915067386,1
2023-04-18,0,0.5757776940390914,1
2023-04-19,0,0.5720094099468876,1
2023-04-20,0,0.5888874727490591,1
2023-04-21,0,0.6081669064680585,1
2023-04-24,0,0.6102801011761252,1
2023-04-25,0,0.6393286665843705,1
2023-04-26,0,0.6983938424955966,1
2023-04-27,0,0.6892059316824516,1
2023-04-28,0,0.7177924039577314,1
2023-05-01,0,0.7417014243663573,1
2023-05-02,0,0.7471596967975549,1
2023-05-03,0,0.7372797514736465,1
2023-05-04,0,0.7433634219595053,1
2023-05-05,0,0.7867740073932699,1
2023-05-08,1,0.7792131058673507,1
2023-05-09,1,0.7706654661169271,1
2023-05-10,1,0.7823178830201177,1
2023-05-11,1,0.7842759980134207,1
2023-05-12,1,0.7896315171478564,1
2023-05-15,1,0.7800388100308314,1
2023-05-16,1,0.7639076583165844,1
2023-05-17,1,0.747716003150811,1
2023-05-18,1,0.7187648727495581,1
2023-05-19,1,0.6604114323177901,1
2023-05-22,1,0.5958206411559434,1
2023-05-23,1,0.5179802095419408,1
2023-05-24,1,0.5470989829393675,1
2023-05-25,0,0.5534357785786819,1
2023-05-26,0,0.5565951671312476,1
2023-05-30,0,0.5526207837433581,1
2023-05-31,1,0.5569654873981935,1
2023-06-01,1,0.5337349324313283,1
2023-06-02,1,0.5381209971970276,1
2023-06-05,1,0.569916169291289,1
2023-06-06,1,0.5276874483307623,1
2023-06-07,0,0.4947139375460374,0
2023-06-08,0,0.5068366140994175,1
2023-06-09,0,0.5076813420715093,1
2023-06-12,0,0.46202007924859145,0
2023-06-13,0,0.4470965421986103,0
2023-06-14,0,0.409628112149435,0
2023-06-15,0,0.39250532504755115,0
2023-06-16,1,0.4258702022905006,0
2023-06-20,0,0.41048824388470007,0
2023-06-21,1,0.4000784095363043,0
2023-06-22,1,0.45536616271594743,0
2023-06-23,1,0.48100578665667726,0
2023-06-26,0,0.48394014520021394,0
2023-06-27,0,0.5040904252724018,1
2023-06-28,0,0.5005915092451234,1
2023-06-29,1,0.43934759555622205,0
2023-06-30,1,0.4868423843536465,0
2023-07-03,1,0.4958684204597852,0
2023-07-05,1,0.5368051351950087,1
2023-07-06,0,0.5450629704032058,1
2023-07-07,0,0.5398567180721373,1
2023-07-10,0,0.5029223325521767,1
2023-07-11,1,0.5276368815623076,1
2023-07-12,0,0.4966378241253842,0
2023-07-13,0,0.5081334921873947,1
2023-07-14,0,0.5639627591042518,1
2023-07-17,0,0.5607663966501563,1
2023-07-18,0,0.5043677828771856,1
2023-07-19,0,0.5273247737453665,1
2023-07-20,1,0.5675147657847373,1
2023-07-21,1,0.6162631678790812,1
2023-07-24,1,0.6338749075913281,1
2023-07-25,1,0.6698353607638031,1
2023-07-26,1,0.673642290633199,1
2023-07-27,1,0.6791003316011092,1
2023-07-28,1,0.6566834289280241,1
2023-07-31,1,0.6722289926760717,1
2023-08-01,1,0.6242860624632207,1
2023-08-02,1,0.6424570870960532,1
2023-08-03,1,0.6413636901116724,1
2023-08-04,1,0.605386648443682,1
2023-08-07,1,0.5989952963565619,1
2023-08-08,1,0.6040636267888418,1
2023-08-09,1,0.5850368221396043,1
2023-08-10,1,0.5756712175635128,1
2023-08-11,1,0.5913191184275053,1
2023-08-14,1,0.6008593566847915,1
2023-08-15,1,0.5877144270533392,1
2023-08-16,1,0.5766730788378283,1
2023-08-17,1,0.5554922274170045,1
2023-08-18,0,0.476571079254126,0
2023-08-21,0,0.47128036853969996,0
2023-08-22,0,0.46182816417829126,0
2023-08-23,0,0.4779170601870275,0
2023-08-24,0,0.530964133652251,1
2023-08-25,1,0.48656458189537455,0
2023-08-28,1,0.5201507149152426,1
2023-08-29,1,0.47197394044276864,0
2023-08-30,1,0.48825780769989396,0
2023-08-31,1,0.45094263769881243,0
2023-09-01,0,0.41122833359982924,0
2023-09-05,1,0.4177244020072519,0
2023-09-06,0,0.42643618819623447,0
2023-09-07,0,0.4478480724053789,0
2023-09-08,0,0.4607253193912679,0
2023-09-11,0,0.48289551557810007,0
2023-09-12,1,0.4259064429992148,0
2023-09-13,1,0.43605355321071726,0
2023-09-14,1,0.3884120080358295,0
2023-09-15,1,0.3961020943092568,0
2023-09-18,1,0.35606911616856235,0
2023-09-19,0,0.35569222945698115,0
2023-09-20,0,0.3691352080323546,0
2023-09-21,0,0.3465126110791413,0
2023-09-22,0,0.33841649304167537,0
2023-09-25,0,0.3324016994071834,0
2023-09-26,0,0.31928804041357467,0
2023-09-27,0,0.30130106585982425,0
2023-09-28,0,0.29156905465809774,0
2023-09-29,0,0.3173017514727915,0
2023-10-02,0,0.2938274093060417,0
2023-10-03,0,0.2553666525386573,0
2023-10-04,0,0.2833842554283235,0
2023-10-05,0,0.23681121374981615,0
2023-10-06,0,0.29356067070435504,0
2023-10-09,0,0.2653055126472964,0
2023-10-10,0,0.25736099500042314,0
2023-10-11,0,0.2248402009780802,0
2023-10-12,1,0.20525868432822664,0
2023-10-13,1,0.3746690543105894,0
2023-10-16,0,0.4049316796845829,0
2023-10-17,1,0.3416614870794186,0
2023-10-18,1,0.4004344499264565,0
2023-10-19,1,0.3734977949036821,0
2023-10-20,1,0.3829666044023919,0
2023-10-23,1,0.3798604013534346,0
2023-10-24,1,0.3978945106326803,0
2023-10-25,1,0.3971775187277853,0
2023-10-26,1,0.38969380566420114,0
2023-10-27,1,0.3903361656220681,0
2023-10-30,1,0.43315475668244113,0
2023-10-31,1,0.405903359497769,0
2023-11-01,1,0.5589817186112088,1
2023-11-02,0,0.5494037470513572,1
2023-11-03,1,0.5244051970278099,1
2023-11-06,1,0.369594863077297,0
2023-11-07,1,0.37887956925652627,0
2023-11-08,1,0.3804265100918757,0
2023-11-09,1,0.5232328453421341,1
2023-11-10,0,0.5397575318257605,1
2023-11-13,0,0.5432697281018112,1
2023-11-14,0,0.5321080309592948,1
2023-11-15,1,0.5149400731853158,1
2023-11-16,1,0.528522007095116,1
2023-11-17,1,0.5169603094905115,1
2023-11-20,1,0.5276391634188166,1
2023-11-21,0,0.5397470046105414,1
2023-11-22,1,0.535269849252113,1
2023-11-24,1,0.5239268330354756,1
2023-11-27,1,0.5150359767095797,1
2023-11-28,1,0.533342304019381,1
2023-11-29,1,0.5162294987458478,1
2023-11-30,0,0.554113768987856,1
2023-12-01,0,0.5287218981809564,1
2023-12-04,0,0.5241038895906508,1
2023-12-05,1,0.5124234324799348,1
2023-12-06,1,0.5304286115876218,1
2023-12-07,1,0.5380245550038765,1
2023-12-08,1,0.5239929267195524,1
2023-12-11,1,0.5565499885837274,1
2023-12-12,0,0.5414732533847767,1
2023-12-13,0,0.5638023108940128,1
2023-12-14,0,0.511669642619216,1
2023-12-15,1,0.5215409586127371,1
2023-12-18,1,0.5542538466190686,1
2023-12-19,1,0.5306573620079976,1
2023-12-20,1,0.5217004123751691,1
2023-12-21,1,0.5499720148721337,1
2023-12-22,1,0.5425969239153571,1
2023-12-26,1,0.5494072288142577,1
2023-12-27,1,0.5437065501983374,1
2023-12-28,0,0.5386248005767016,1
2023-12-29,0,0.5443663863378843,1
2024-01-02,0,0.5642886106153203,1
2024-01-03,0,0.5521456743362281,1
2024-01-04,0,0.5403101915776874,1
2024-01-05,0,0.5218857785793876,1
2024-01-08,0,0.531407795623035,1
2024-01-09,0,0.5236270829595818,1
2024-01-10,1,0.5351255861549923,1
2024-01-11,0,0.5304387847267221,1
2024-01-12,0,0.5452475736837342,1
2024-01-16,1,0.5202416500816508,1
2024-01-17,0,0.5281846636972682,1
2024-01-18,0,0.5331410810751668,1
2024-01-19,1,0.49179768591723694,0
2024-01-22,1,0.48171620529501974,0
2024-01-23,1,0.5119572150990079,1
2024-01-24,1,0.4613182142257122,0
2024-01-25,1,0.5037916059631773,1
2024-01-26,1,0.5170345733807741,1
2024-01-29,1,0.4913755902299199,0
2024-01-30,1,0.4968958713513347,0
2024-01-31,1,0.47672129585365547,0
2024-02-01,1,0.522727585050299,1
2024-02-02,0,0.5064517138519221,1
2024-02-05,0,0.49781565437665104,0
2024-02-06,0,0.4935937633531233,0
2024-02-07,0,0.5208682830799655,1
2024-02-08,0,0.5392629556970077,1
2024-02-09,0,0.477279035804402,0
2024-02-12,0,0.5892414809237121,1
2024-02-13,0,0.5757440184668469,1
2024-02-14,1,0.5711764873666348,1
2024-02-15,1,0.5853474671092234,1
2024-02-16,1,0.4185650103161907,0
2024-02-20,0,0.4515881844822483,0
2024-02-21,0,0.44104111921298605,0
2024-02-22,0,0.4366336007599331,0
2024-02-23,0,0.45489167528203306,0
2024-02-26,0,0.43821203253649343,0
2024-02-27,0,0.44811776110760043,0
2024-02-28,0,0.43391395297984153,0
2024-02-29,0,0.43192270937981514,0
2024-03-01,0,0.4535226142181624,0
2024-03-04,0,0.4744820819123298,0
2024-03-05,1,0.4490422566214906,0
2024-03-06,1,0.4921209865228854,0
2024-03-07,1,0.49901792221750124,0
2024-03-08,1,0.49917956371392186,0
2024-03-11,1,0.521765234034286,1
2024-03-12,1,0.5222997942485813,1
2024-03-13,1,0.5366577502335047,1
2024-03-14,1,0.5466575349224642,1
2024-03-15,1,0.5596611240569836,1
2024-03-18,1,0.6172695854184713,1
2024-03-19,1,0.5875633136891987,1
2024-03-20,1,0.5932103184125789,1
2024-03-21,0,0.607054243278027,1
2024-03-22,1,0.6089472371534326,1
2024-03-25,0,0.623229849338128,1
2024-03-26,0,0.6282907474412572,1
2024-03-27,0,0.6373747165193646,1
2024-03-28,0,0.6488986398811072,1
2024-04-01,0,0.6364261325808928,1
2024-04-02,0,0.6222055630274141,1
2024-04-03,0,0.6097551996362067,1
2024-04-04,0,0.618857409379305,1
2024-04-05,0,0.60948332839668,1
2024-04-08,0,0.6126511716748807,1
2024-04-09,0,0.6241599197703376,1
2024-04-10,1,0.6111645197455695,1
2024-04-11,1,0.6127720797141241,1
2024-04-12,1,0.6071175658691393,1
2024-04-15,1,0.6015835745721252,1
2024-04-16,1,0.6072099012188162,1
2024-04-17,0,0.6152940331615264,1
2024-04-18,0,0.6249084331241623,1
2024-04-19,0,0.621189233162256,1
2024-04-22,1,0.6335009422448062,1
2024-04-23,0,0.5598140172221175,1
2024-04-24,1,0.5870601589719987,1
2024-04-25,1,0.5916486633872213,1
2024-04-26,0,0.5675985165384992,1
2024-04-29,1,0.5452967032307182,1
2024-04-30,0,0.5267798664109365,1
2024-05-01,0,0.5028261577756097,1
2024-05-02,0,0.49489222293074814,0
2024-05-03,0,0.47799607813887945,0
2024-05-06,0,0.45616461293065164,0
2024-05-07,0,0.4775173794308337,0
2024-05-08,0,0.4605069849467181,0
2024-05-09,0,0.45430994029287763,0
2024-05-10,0,0.45027419327378004,0
2024-05-13,0,0.4476338528958963,0
2024-05-14,0,0.46097227019341663,0
2024-05-15,0,0.45528150556491814,0
2024-05-16,1,0.4949259422273372,0
2024-05-17,1,0.5180744432684197,1
2024-05-20,1,0.4876220491270888,0
2024-05-21,1,0.5385013775295081,1
2024-05-22,1,0.5611120161520815,1
2024-05-23,1,0.5600953251215831,1
2024-05-24,1,0.5325141434397276,1
2024-05-28,0,0.477116028337054,0
2024-05-29,1,0.4485620663398801,0
2024-05-30,1,0.439227633549362,0
2024-05-31,0,0.4591593844825852,0
2024-06-03,0,0.43044182010652937,0
2024-06-04,0,0.451904419177955,0
2024-06-05,0,0.4721272400970311,0
2024-06-06,0,0.4851505951837206,0
2024-06-07,0,0.46562956765084024,0
2024-06-10,1,0.4162575686121015,0
2024-06-11,1,0.425241676449746,0
2024-06-12,1,0.4314894049389175,0
2024-06-13,1,0.4263232671508193,0
2024-06-14,1,0.4128152905591592,0
2024-06-17,1,0.4227791008250258,0
2024-06-18,1,0.4117992739129291,0
2024-06-20,0,0.40907408585678684,0
2024-06-21,0,0.3893155581766585,0
2024-06-24,0,0.39767729587391354,0
2024-06-25,0,0.4019387008362411,0
2024-06-26,0,0.38226505223586743,0
2024-06-27,0,0.400636386156247,0
2024-06-28,0,0.3883037401426026,0
2024-07-01,0,0.3606819972038114,0
2024-07-02,1,0.3709295054755266,0
2024-07-03,1,0.3437169660723159,0
2024-07-05,1,0.35643193176214066,0
2024-07-08,1,0.36040947926176103,0
2024-07-09,1,0.3581718309636297,0
2024-07-10,1,0.37153747805523346,0
2024-07-11,1,0.3642673370600641,0
2024-07-12,1,0.331332834688207,0
2024-07-15,1,0.28834977360762215,0
2024-07-16,1,0.3204099523282809,0
2024-07-17,0,0.37253138237211175,0
2024-07-18,0,0.3434025066056125,0
2024-07-19,0,0.3098978311299795,0
2024-07-22,0,0.2884446090240891,0
2024-07-23,1,0.28413874815403595,0
2024-07-24,0,0.2949035229312064,0
2024-07-25,0,0.31669213822867576,0
2024-07-26,0,0.3412947037807647,0
2024-07-29,0,0.3443563267739024,0
2024-07-30,1,0.3406775503535202,0
2024-07-31,1,0.3482644418646328,0
2024-08-01,1,0.37061484893937124,0
2024-08-02,1,0.39698206488292737,0
2024-08-05,1,0.3723216947486133,0
2024-08-06,0,0.36142101349237143,0
2024-08-07,0,0.35029557180020277,0
2024-08-08,0,0.3643285532972953,0
2024-08-09,0,0.36932386216176566,0
2024-08-12,0,0.36453679854826726,0
2024-08-13,0,0.37572048639270916,0
2024-08-14,0,0.39307547939523213,0
2024-08-15,0,0.38959000445709585,0
2024-08-16,0,0.39092323572245896,0
2024-08-19,0,0.4149140963779717,0
2024-08-20,1,0.425742978800419,0
2024-08-21,1,0.4267981314929818,0
2024-08-22,1,0.4359087202847169,0
2024-08-23,1,0.4326702007074622,0
2024-08-26,0,0.4352267914233826,0
2024-08-27,0,0.42088409713436603,0
2024-08-28,0,0.41891676915619763,0
2024-08-29,0,0.3993143062139316,0
2024-08-30,0,0.4113985317053506,0
2024-09-03,0,0.4705591581183605,0
2024-09-04,1,0.4838034058885239,0
2024-09-05,1,0.5068049568225208,1
2024-09-06,1,0.5059585396042314,1
2024-09-09,1,0.5055194584008106,1
2024-09-10,1,0.5078712502024123,1
2024-09-11,1,0.4778738179047446,0
2024-09-12,1,0.5073220860171164,1
2024-09-13,1,0.5081730046761934,1
2024-09-16,1,0.5022948991195041,1
2024-09-17,1,0.5054545808473707,1
2024-09-18,1,0.48995999872976725,0
2024-09-19,1,0.4883750952449042,0
2024-09-20,1,0.44599820988716005,0
2024-09-23,1,0.4601132909797523,0
2024-09-24,0,0.4387046731669304,0
2024-09-25,1,0.4334815021521381,0
2024-09-26,0,0.43887167001529137,0
2024-09-27,0,0.44190357671603836,0
2024-09-30,0,0.4413807789088551,0
2024-10-01,1,0.45477664569643744,0
2024-10-02,0,0.4333807863750495,0
2024-10-03,0,0.4173598524803665,0
2024-10-04,0,0.40788555303890206,0
2024-10-07,0,0.38700333245712487,0
2024-10-08,0,0.4207020574935657,0
2024-10-09,0,0.44422860222930965,0
2024-10-10,0,0.46074313579908943,0
2024-10-11,1,0.475725019015283,0
2024-10-14,1,0.4814058968642596,0
2024-10-15,1,0.49006324310351,0
2024-10-16,1,0.47757608792120754,0
2024-10-17,1,0.4772290336356723,0
2024-10-18,1,0.48608232719554156,0
2024-10-21,1,0.4850469382758913,0
2024-10-22,1,0.4766640198295504,0
2024-10-23,1,0.4649074487706661,0
2024-10-24,0,0.4609424124972644,0
2024-10-25,0,0.45737612347618894,0
2024-10-28,0,0.43292338558344595,0
2024-10-29,1,0.4063100945874462,0
2024-10-30,0,0.3924867040777376,0
2024-10-31,0,0.395469036553568,0
2024-11-01,0,0.3929059687496749,0
2024-11-04,0,0.40444350731653383,0
2024-11-05,0,0.42026022199115903,0
2024-11-06,1,0.3871980233806214,0
2024-11-07,1,0.38002066275215646,0
2024-11-08,0,0.39249802915864346,0
2024-11-11,0,0.3801144697523434,0
2024-11-12,0,0.38134622628179626,0
2024-11-13,0,0.38563405580630644,0
2024-11-14,0,0.389920958520669,0
2024-11-15,1,0.3168105090835271,0
2024-11-18,1,0.31336656198470647,0
2024-11-19,1,0.2964743339957266,0
2024-11-20,1,0.32894347525050444,0
2024-11-21,1,0.3318110941842765,0
2024-11-22,1,0.3436762757157312,0
2024-11-25,0,0.36070844935138674,0
2024-11-26,0,0.3472478391610181,0
2024-11-27,0,0.3560305747972208,0
2024-11-29,0,0.35930382815032247,0
2024-12-02,0,0.35747512442891244,0
2024-12-03,0,0.3439881145831002,0
2024-12-04,0,0.3226702331873818,0
2024-12-05,0,0.3262846070158405,0
2024-12-06,1,0.31202984039544157,0
2024-12-09,0,0.3343245738290126,0
2024-12-10,0,0.3238249477105599,0
2024-12-11,0,0.29562321457778595,0
2024-12-12,0,0.3289720208754558,0
2024-12-13,0,0.3113480805776877,0
2024-12-16,0,0.2984273505515322,0
2024-12-17,0,0.30947344851308256,0
2024-12-18,0,0.30130286958060937,0
2024-12-19,1,0.29408339513407483,0
2024-12-20,1,0.35643441934519154,0
2024-12-23,1,0.3211980497200079,0
2024-12-24,0,0.37234629761615534,0
2024-12-26,0,0.3414643741313649,0
2024-12-27,0,0.3551482253908147,0
2024-12-30,0,0.3367801740801672,0
2024-12-31,0,0.363442991759119,0
2025-01-02,0,0.3405785064411615,0
2025-01-03,0,0.375965193032438,0
2025-01-06,1,0.3659786247739929,0
2025-01-07,1,0.43535266511135706,0
2025-01-08,1,0.46576316188639355,0
2025-01-10,1,0.4111051092901017,0
2025-01-13,1,0.4925598440956756,0
2025-01-14,1,0.4658074665200181,0
2025-01-15,1,0.46195249913621533,0
2025-01-16,1,0.47612393104894446,0
2025-01-17,1,0.4614310207037839,0
2025-01-21,1,0.4382272275676006,0
2025-01-22,1,0.42771009502545854,0
2025-01-23,1,0.43753362271799984,0
2025-01-24,1,0.44033936756985126,0
2025-01-27,0,0.4757442988179415,0
2025-01-28,0,0.3651461136716046,0
2025-01-29,0,0.42268874922805083,0
2025-01-30,0,0.43601390429714065,0
2025-01-31,0,0.41136483507102334,0
2025-02-03,0,0.42685202893250834,0
2025-02-04,1,0.37887389317181874,0
2025-02-05,0,0.49071088788282535,0
2025-02-06,0,0.45845700166808667,0
2025-02-07,0,0.4571194515099778,0
2025-02-10,1,0.46699802489235676,0
2025-02-11,1,0.470974661042806,0
2025-02-12,1,0.46607050356711444,0
2025-02-13,1,0.49232804282163645,0
2025-02-14,1,0.48232560863025903,0
2025-02-18,1,0.49874734103878643,0
2025-02-19,1,0.5054065215486806,1
2025-02-20,1,0.5192960938111587,1
2025-02-21,1,0.5169370857407635,1
2025-02-24,1,0.47897952006942524,0
2025-02-25,0,0.4996729863082966,0
2025-02-26,1,0.4459311633984853,0
2025-02-27,1,0.49967886926068256,0
2025-02-28,1,0.5091467379850082,1
2025-03-03,1,0.5153666450555874,1
2025-03-04,0,0.4878011895309505,0
2025-03-05,0,0.5005040747788789,1
2025-03-06,0,0.5130130475903432,1
2025-03-07,0,0.514477449927768,1
2025-03-10,0,0.5276349984241779,1
2025-03-11,0,0.4861856936946487,0
2025-03-12,1,0.49112386996913615,0
2025-03-13,0,0.5434590033097164,1
2025-03-14,0,0.5489364243596792,1
2025-03-17,0,0.571182768043341,1
2025-03-18,0,0.5299393690091383,1
2025-03-19,1,0.5471967455955089,1
2025-03-20,1,0.5491672867707302,1
2025-03-21,1,0.5523549570442613,1
2025-03-24,1,0.5788961807910747,1
2025-03-25,1,0.5621055994960417,1
2025-03-26,1,0.5965092894814734,1
2025-03-27,1,0.5701074385399655,1
2025-03-28,0,0.5601532776698683,1
2025-03-31,0,0.562538430110308,1
2025-04-01,0,0.5477394432438484,1
2025-04-02,0,0.5597787999474847,1
2025-04-03,0,0.5837554570765991,1
2025-04-04,0,0.5461307479048952,1
2025-04-07,1,0.5605078331582689,1
2025-04-08,1,0.5736005835260053,1
2025-04-09,0,0.638614059072015,1
2025-04-10,0,0.5760145437441732,1
2025-04-11,0,0.5992397398649087,1
2025-04-14,0,0.6154522486743296,1
2025-04-15,1,0.5690515279078648,1
2025-04-16,0,0.5846158207859788,1
2025-04-17,0,0.6220837505903054,1
2025-04-21,0,0.5880865233205215,1
2025-04-22,0,0.5973744962885188,1
2025-04-23,0,0.5680018184779406,1
2025-04-24,1,0.5161562655924463,1
2025-04-25,1,0.5817600317030787,1
2025-04-28,1,0.5861750412815883,1
2025-04-29,0,0.5897320868859354,1
2025-04-30,0,0.5982396923295432,1
2025-05-01,1,0.5755200494071296,1
2025-05-02,0,0.5846519407119967,1
2025-05-05,1,0.5708707742797031,1
2025-05-06,1,0.5666523789109946,1
2025-05-07,0,0.5732122878783934,1
2025-05-08,1,0.5635904645944083,1
2025-05-09,1,0.5478274071569528,1
2025-05-12,1,0.5599613118540072,1
2025-05-13,1,0.535316504272234,1
2025-05-14,1,0.5189043054181234,1
2025-05-15,1,0.5383425768017918,1
2025-05-16,0,0.5241125137424175,1
2025-05-19,1,0.5182603089352171,1
2025-05-20,1,0.4950259116616524,0
2025-05-21,1,0.48418357970519665,0
2025-05-22,1,0.505262829000052,1
2025-05-23,1,0.48808493335658304,0
2025-05-27,1,0.49679685076323676,0
2025-05-28,1,0.48247119388142046,0
2025-05-29,1,0.4932087577188693,0
2025-05-30,1,0.4945688551543812,0
2025-06-02,1,0.49856058143832743,0
2025-06-03,1,0.5087658753215573,1
2025-06-04,1,0.49519228114044783,0
2025-06-05,1,0.49578838789055707,0
2025-06-06,1,0.49213449094696327,0
2025-06-09,1,0.48748505739867126,0
2025-06-10,0,0.4973535888562983,0
2025-06-11,1,0.47298366469540626,0
2025-06-12,0,0.5082420103844674,1
2025-06-13,0,0.49229236080081856,0
2025-06-16,1,0.5070224919980301,1
2025-06-17,1,0.4954244159067733,0
2025-06-18,1,0.5051249955268472,1
2025-06-20,1,0.5064812919558584,1
2025-06-23,1,0.5064332105025228,1
2025-06-24,1,0.5214689884106178,1
2025-06-25,1,0.4947410243471712,0
2025-06-26,1,0.5111710634341208,1
2025-06-27,1,0.5299094421251039,1
2025-06-30,1,0.5260017376956649,1
2025-07-01,1,0.5447253987645719,1
2025-07-02,1,0.5454532807940539,1
2025-07-03,1,0.5412202795228486,1
2025-07-07,1,0.5464144499477543,1
2025-07-08,0,0.562869035080978,1
2025-07-09,1,0.5576178996701623,1
2025-07-10,1,0.5773553818142713,1
2025-07-11,1,0.5681572377673222,1
2025-07-14,1,0.5745510561406836,1
2025-07-15,1,0.5624102018859714,1
2025-07-16,1,0.5769175616271333,1
2025-07-17,0,0.6362621723187589,1
2025-07-18,1,0.5764131705964305,1
2025-07-21,1,0.5489980147298222,1
2025-07-22,0,0.5776350060104587,1
2025-07-23,0,0.5606778823034916,1
2025-07-24,0,0.5584810149263134,1
2025-07-25,0,0.5558798585793692,1
2025-07-28,0,0.532070185263233,1
2025-07-29,0,0.5248877386092426,1
2025-07-30,0,0.49016718771645923,0
2025-07-31,1,0.44905828626441335,0
2025-08-01,1,0.47652004489578986,0
2025-08-04,1,0.4677782161632996,0
2025-08-05,1,0.4405726553628253,0
2025-08-06,1,0.4123891435573652,0
2025-08-07,1,0.4547119946450346,0
2025-08-08,1,0.4576212144669705,0
2025-08-11,1,0.4510979332441563,0
2025-08-12,1,0.45362744559555224,0
2025-08-13,0,0.4571416935686327,0
2025-08-14,1,0.4515041628713565,0
2025-08-15,1,0.44648522234881494,0
2025-08-18,0,0.4207593824546402,0
2025-08-19,1,0.43946257367952235,0
2025-08-20,1,0.42223782204417326,0
2025-08-21,0,0.3871103252993496,0
2025-08-22,1,0.36195090809148733,0
2025-08-25,0,0.35459136475421127,0
2025-08-26,1,0.33273960949454556,0
2025-08-27,0,0.32974306510068085,0
2025-08-28,1,0.32086652930415943,0
2025-08-29,0,0.3323610879766629,0
2025-09-02,0,0.35012326055281323,0
2025-09-03,0,0.504404622993827,1
2025-09-04,0,0.4756908947978394,0
2025-09-05,0,0.41861856799283487,0
2025-09-08,0,0.36659683913535523,0
2025-09-09,0,0.3600724383534828,0
2025-09-10,0,0.35697126236707966,0
2025-09-11,0,0.3548443943177999,0
2025-09-12,0,0.34683011589949214,0
2025-09-15,1,0.34730102581091715,0
2025-09-16,1,0.32658605654906686,0
2025-09-17,1,0.33075446406273945,0
2025-09-18,0,0.3252106930617563,0
2025-09-19,0,0.3297542684168484,0
2025-09-22,0,0.33709466328484966,0
2025-09-23,0,0.3400067507238028,0
2025-09-24,1,0.3830814321162751,0
2025-09-25,1,0.3538837328986737,0
2025-09-26,1,0.3843423115318007,0
2025-09-29,0,0.383242817489841,0
2025-09-30,1,0.37839948601741613,0
2025-10-01,0,0.38924937185394104,0
2025-10-02,1,0.37616655836893137,0
2025-10-03,0,0.3534846207618468,0
2025-10-06,0,0.3553798035505734,0
2025-10-07,0,0.37163304387368895,0
2025-10-08,0,0.35766065292919946,0
2025-10-09,0,0.4009737285088884,0
2025-10-10,0,0.3675316497843023,0
2025-10-13,0,0.3647773551735752,0
2025-10-14,0,0.3735983518459913,0
2025-10-15,0,0.3631033398776649,0
2025-10-16,1,0.36250985849398615,0
2025-10-17,1,0.376430493656469,0
2025-10-20,1,0.39729616690423153,0
2025-10-21,1,0.38337133051877015,0
2025-10-22,1,0.37435535540339526,0
2025-10-23,1,0.3612978306360542,0
2025-10-24,1,0.36188134400666855,0
2025-10-27,1,0.37594438597606705,0
2025-10-28,1,0.3638143505915269,0
2025-10-29,1,0.3312360891396812,0
2025-10-30,1,0.3490440640200722,0
2025-10-31,1,0.23015779186538585,0
2025-11-03,0,0.22616696489404997,0
2025-11-04,0,0.21981696460251784,0
2025-11-05,0,0.2234197944639221,0
2025-11-06,1,0.21085656095449182,0
2025-11-07,0,0.20761863358471408,0
2025-11-10,0,0.22241903111313774,0
2025-11-11,0,0.2393288420127904,0
2025-11-12,0,0.22753170580606147,0
2025-11-13,0,0.2354255684958585,0
2025-11-14,0,0.2385205417867339,0
2025-11-17,1,0.24741078592809218,0
2025-11-18,1,0.24948721604126753,0
2025-11-19,0,0.29111357859187054,0
2025-11-20,0,0.2805797896148007,0
2025-11-21,0,0.28915268914423164,0
2025-11-24,0,0.26814734291811204,0
2025-11-25,0,0.2596250410914821,0
2025-11-26,1,0.2589340284692166,0
2025-11-28,1,0.2589695350013362,0
2025-12-01,1,0.27398663980838533,0
2025-12-02,1,0.2687764943519278,0
2025-12-03,0,0.2583585789219013,0
2025-12-04,0,0.251772758491236,0
2025-12-05,0,0.2559933740449583,0
2025-12-08,0,0.26648744292881577,0
2025-12-09,0,0.2602055033431073,0
2025-12-10,0,0.3019926334828117,0
2025-12-11,0,0.30208181772774806,0
2025-12-12,1,0.30796176777746653,0
2025-12-15,1,0.345659577889143,0
2025-12-16,1,0.3287585485745088,0
2025-12-17,1,0.32737519551977307,0
2025-12-18,1,0.33512670936175465,0
2025-12-19,1,0.3229729321919103,0
2025-12-22,1,0.31874922244911225,0
2025-12-23,1,0.30753001556160653,0
2025-12-24,0,0.28987197590450864,0
2025-12-26,0,0.29953883313436475,0
2025-12-29,0,0.295560054194356,0
2025-12-30,0,0.29701004034075645,0
2025-12-31,0,0.28898298529177674,0
